#{"t_start": 1781481845.4348516, "env_id": "highway-v0"}
r,l,t
34.4,44,2198.658063
240.0,300,2231.803856
180.0,226,2256.883704
39.2,50,2262.449778
197.6,248,2290.202276
12.8,17,2292.148097
240.0,300,2325.560063
240.0,300,2358.670625
167.2,210,2382.667488
34.4,44,2387.571947
166.4,209,4705.727653
111.2,140,4721.814041
103.2,130,4736.660271
240.0,300,4772.103155
191.2,240,4802.636992
42.4,54,4808.934667
68.0,86,4818.920624
111.2,140,4836.441976
240.0,300,4871.307456
240.0,300,4904.306538
200.8,252,7285.957198
65.6,83,7295.909283
240.0,300,7330.572914
56.8,72,7338.870049
240.0,300,7374.153139
240.0,300,7408.868932
16.0,21,7411.264078
240.0,300,7445.931224
72.8,92,7456.627378
240.0,300,7491.691173
67.2,85,9852.950741
63.2,80,9862.270956
240.0,300,9897.225991
29.6,38,9901.66421
240.0,300,9937.494205
240.0,300,9972.7035
240.0,300,10007.556757
164.0,206,10030.750853
7.2,10,10031.886114
100.8,127,10046.75783
5.6,8,12396.66037
51.2,65,12404.227637
52.8,67,12412.088989
5.6,8,12412.960266
63.2,80,12422.291817
12.0,16,12424.183785
42.4,54,12430.557114
44.0,56,12437.104154
28.8,37,12441.395798
12.0,16,12443.255339
240.0,300,14851.342381
107.2,135,14867.13762
211.2,265,14898.23361
240.0,300,14933.299777
240.0,300,14968.0247
240.0,300,15002.253404
120.8,152,15019.753902
4.8,7,15020.597301
52.0,66,15028.285607
240.0,300,15062.732067
157.6,198,17309.658571
92.8,117,17322.406292
240.0,300,17355.05069
108.8,137,17369.967325
22.4,29,17373.181744
25.6,33,17376.731367
240.0,300,17409.782059
120.8,152,17426.341512
153.6,193,17447.276752
240.0,300,17480.184513
22.4,29,19758.94018
38.4,49,19764.306464
8.8,12,19765.639448
19.2,25,19768.429404
74.4,94,19779.119155
29.6,38,19783.288939
23.2,30,19786.665005
37.6,48,19791.952575
12.0,16,19793.770503
52.0,66,19801.196524
240.0,300,22143.656163
14.4,19,22145.989753
240.0,300,22180.279942
240.0,300,22215.135465
34.4,44,22220.110391
18.4,24,22222.834185
240.0,300,22257.656269
88.0,111,22270.648309
109.6,138,22287.020336
14.4,19,22289.201344
11.2,15,24649.628901
240.0,300,24685.173236
47.2,60,24692.22187
31.2,40,24697.21209
240.0,300,24732.539163
120.0,151,24750.058184
32.0,41,24755.085371
240.0,300,24790.619212
7.2,10,24791.853574
240.0,300,24826.825981
10772,11,248.277174
9.6,13,249.62715
19.696408,24,252.060192
84.187785,106,262.758771
28.156081,36,266.408263
59.523748,75,273.976312
44.148406,55,279.527087
4.197623,6,280.137929
8.526174,11,281.230797
6.417,9,282.089447
29.251435,37,285.874429
30.591725,39,289.887134
20.116744,26,292.507954
21.6,28,295.421208
22.912251,29,298.370703
25.749292,33,301.770265
4.903245,7,302.520062
40.702508,51,307.686083
24.200803,31,310.87182
7.2,10,311.902432
21.6,28,314.768563
24.2225,31,317.934847
16.052069,21,320.07086
14.671171,19,321.984301
15.262271,20,324.032514
31.214458,40,328.218907
6.02063,8,329.287197
12.836439,17,331.152966
8.367576,11,332.249604
17.6,23,334.565989
20.959202,26,337.241919
16.312046,20,339.31536
12.769634,16,340.973207
28.243465,35,344.617776
6.852526,9,345.564543
10.4,14,347.01432
20.447675,25,349.499534
16.508079,21,351.697232
4.15918,6,352.282514
6.4,9,353.213512
30.548211,38,357.196399
42.099433,53,362.915141
28.481247,36,366.614742
10.4,14,368.046621
19.336622,25,370.611243
12.8,17,372.430998
16.188207,21,374.615841
6.475552,9,375.578987
5.939182,8,376.36377
4.216923,6,376.995785
7.52344,10,378.043759
5.162607,7,378.762466
19.2,25,381.261921
25.91506,32,384.526022
17.6,23,386.810853
26.468423,33,390.258722
21.6,28,393.37378
9.407952,12,394.593553
33.607983,43,398.977101
7.362693,10,399.939893
34.333063,42,404.184782
4.826835,7,404.93781
34.4,44,409.439395
45.684828,57,415.171669
5.86147,8,415.990458
30.620763,38,420.024504
16.024475,21,422.176114
14.546275,18,424.006258
7.2,10,425.040378
64.840452,81,433.40525
4.392373,6,433.98829
20.965943,27,436.804555
19.312073,25,439.407018
10.516029,14,440.801949
28.8,37,444.587747
32.716621,41,450.637353
19.46343,25,453.280777
28.85008,37,457.23605
8.307677,11,458.468231
46.098888,58,464.702155
56.380865,71,472.264627
18.87024,24,474.799743
14.4,19,476.797212
44.231057,56,482.565659
9.623268,13,483.87966
52.030385,66,490.745071
8.487666,11,491.915336
16.835693,22,494.213496
53.601069,68,501.347667
5.6,8,502.246168
39.2,50,507.576622
18.403387,24,510.17
57.76771,73,517.675317
13.145353,16,519.345018
36.152218,45,523.891171
54.4,69,530.960807
29.659475,38,534.891676
5.6,8,535.723112
105.72366,133,549.621108
6.734189,9,550.570915
8.8,12,551.874875
7.584173,10,552.90804
24.609615,31,556.125093
38.640667,49,561.222126
24.485583,31,564.394601
21.6,28,567.238686
12.319107,16,568.890094
8.357756,11,570.003914
8.286681,11,571.151576
84.8,107,582.369709
11.133789,14,583.802874
32.0,41,587.9993
33.6,43,592.453828
20.151977,26,595.182898
24.026364,31,598.278018
13.64285,18,600.168282
40.234125,51,605.570272
14.12807,18,607.46848
18.472765,24,609.915864
14.403295,19,611.931712
12.0,16,613.598284
48.734169,61,619.92856
39.764679,50,625.09456
9.6,13,626.531604
5.181189,7,627.263067
17.6,23,629.643842
14.208886,18,631.593674
28.358582,36,635.293087
11.394934,15,636.844981
12.8,17,638.628244
52.808022,67,645.558578
37.309803,47,650.579095
12.029767,16,652.257625
15.993138,20,654.323564
21.6,28,657.158732
28.936904,37,662.708158
62.291111,78,670.771789
29.605013,38,674.840141
27.321332,35,678.521049
13.6,18,680.355635
8.8,12,681.570464
6.685598,9,682.537277
28.0,36,686.326972
30.516029,39,690.387695
21.606091,28,693.568778
40.857918,52,699.071656
34.117873,42,703.480044
15.2,20,705.584229
7.329512,10,706.665762
28.003552,36,710.383245
14.434257,19,712.368433
8.678551,11,713.502247
4.916029,7,714.21619
33.627146,43,718.665666
39.822233,50,723.981532
45.604771,58,730.060066
4.923939,7,730.813978
27.224365,35,734.536589
20.8,27,737.333333
32.0,41,741.681358
21.871132,28,744.591536
19.2,25,747.262018
12.0,16,748.930204
46.631591,59,755.213882
33.630493,43,759.660046
95.408737,120,772.192105
24.029767,31,775.371959
46.4,59,781.557326
20.829396,27,784.323169
33.896792,42,788.740174
26.409461,34,792.655859
12.271247,16,794.33851
89.976734,113,806.159096
29.356982,37,810.205938
11.2,15,811.870053
16.0,21,814.10529
25.644851,33,817.612643
61.013541,75,825.350276
24.05367,31,828.672062
14.4,19,830.638926
25.6,33,834.183915
18.441896,24,836.670223
15.2,20,838.751918
12.818841,16,840.41683
14.536523,19,842.41769
25.608861,33,845.817671
34.456698,44,850.481583
25.829578,33,854.048006
17.985554,23,856.467149
28.8,37,860.333622
21.6,28,863.281693
20.829767,27,866.196274
26.4,34,869.762428
26.811362,34,873.42853
15.158995,19,875.428497
118.652016,149,892.927438
8.0,11,894.125457
49.627158,63,900.877166
36.8,47,905.859681
43.516758,55,911.643554
26.460073,34,915.208523
56.008495,71,922.705477
8.029767,11,923.808595
8.179644,11,924.988413
55.377043,70,932.387696
16.8,22,934.620562
9.6,13,935.975149
20.824475,27,938.771796
20.8,27,941.671768
16.8,22,943.985322
15.208861,20,946.102438
5.018484,7,946.873142
23.205862,30,950.070711
27.28154,35,953.818192
22.461449,29,956.949383
46.403295,59,963.421829
58.452206,74,971.334371
16.8,22,973.677849
35.2,45,978.568083
44.149041,56,984.449097
26.402012,34,988.030239
15.231556,20,990.12987
46.314323,58,996.555829
18.4,24,999.112261
26.604574,34,1002.782159
70.4,89,1012.360245
50.452694,64,1019.17541
10.4,14,1020.659302
30.4,39,1024.860648
21.6,28,1027.794859
58.4,74,1035.646184
36.0,46,1040.525911
8.029767,11,1041.637028
35.373843,45,1046.361168
53.6,68,1053.656714
20.8,27,1056.504595
8.0,11,1057.674217
30.4,39,1061.803933
76.0,96,1072.185893
5.6,8,1073.037471
21.087427,27,1075.985374
9.6,13,1077.468679
12.8,17,1079.25348
131.101943,164,1096.969355
27.259655,35,1102.450476
43.508783,55,1108.347345
38.468155,49,1113.749285
6.4,9,1114.74864
31.524046,40,1118.999913
16.8,22,1121.36276
73.697034,93,1131.433238
8.0,11,1132.613367
18.4,24,1135.160808
21.6,28,1138.143767
98.255661,123,1151.45876
17.782724,22,1153.793601
64.194473,81,1162.607231
24.265168,31,1165.992099
18.4,24,1168.539719
21.6,28,1171.521302
52.0,66,1178.675275
24.8,32,1182.11232
28.951944,37,1186.115954
32.99789,42,1190.622689
14.4,19,1192.670063
30.4,39,1196.919005
5.621273,8,1197.807931
148.274322,186,1218.066715
13.301033,17,1219.921435
16.0,21,1222.216219
14.4,19,1224.332571
72.0,91,1233.987167
20.821273,27,1236.949443
76.901123,97,1247.651073
8.824613,12,1248.947721
34.4,44,1253.750826
16.8,22,1256.317914
40.8,52,1262.14624
120.8,152,1278.677295
28.334427,36,1282.557753
108.81254,137,1298.24024
20.569373,26,1301.074645
67.2,85,1310.319966
5.661132,8,1311.187901
8.8,12,1312.504229
11.208861,15,1314.140557
24.0,31,1317.755672
36.524685,46,1322.75971
22.509041,29,1327.687267
31.24354,40,1332.00472
17.627375,23,1334.456564
96.0,121,1347.483122
20.0,26,1350.33276
6.4,9,1351.335936
41.6,53,1357.149995
25.6,33,1360.801243
119.2,150,1377.345713
110.4,139,1392.627167
36.8,47,1397.778685
35.2,45,1402.677527
14.4,19,1404.793887
41.6,53,1410.591438
27.2,35,1414.463707
15.2,20,1416.631671
25.6,33,1420.178802
12.022092,16,1421.956465
61.6,78,1430.47406
18.4,24,1433.058974
30.4,39,1437.373044
39.2,50,1442.989702
82.4,104,1454.571084
65.6,83,1463.671105
12.8,17,1465.588017
9.6,13,1467.084008
113.6,143,1482.787029
12.821273,17,1484.665055
8.179676,11,1485.833776
97.6,123,1499.464633
21.6,28,1502.47929
58.4,74,1510.663693
33.6,43,1515.478019
89.6,113,1528.079587
67.240259,85,1537.376464
42.40615,54,1543.289069
17.782869,23,1545.790532
32.0,41,1550.343481
8.116029,11,1553.340053
26.4,34,1557.088856
17.6,23,1559.655174
23.2,30,1562.988128
34.4,44,1567.788053
173.645088,218,1592.172249
29.6,38,1596.417116
82.4,104,1607.865051
33.6,43,1612.596901
26.4,34,1616.364938
109.6,138,1631.881186
21.6,28,1635.07865
68.0,86,1644.777363
145.6,183,1665.528556
98.443327,124,1679.558293
40.0,51,1685.217387
50.4,64,1692.387823
21.6,28,1695.673975
10.4,14,1697.222931
25.6,33,1700.838673
46.4,59,1707.337797
102.4,129,1722.150651
160.8,202,1744.414231
40.0,51,1750.083915
8.8,12,1751.381764
21.6,28,1754.397948
35.2,45,1759.365477
48.829767,62,1766.281867
69.618897,88,1776.1486
109.6,138,1793.341141
32.0,41,1797.976167
10.4,14,1799.492086
29.6,38,1803.739611
93.6,118,1816.906731
36.8,47,1822.189467
122.4,154,1839.538697
26.4,34,1843.304396
108.0,136,1858.418061
23.2,30,1861.852205
7.2,10,1862.973659
17.6,23,1865.567902
23.212762,30,1869.179554
31.236694,40,1875.197031
49.6,63,1882.266025
35.316029,45,1887.312242
113.6,143,1904.361764
24.0,31,1907.777876
10.4,14,1909.277842
37.6,48,1914.694082
60.8,77,1923.257468
162.493738,204,1945.506496
13.6,18,1947.537469
32.8,42,1952.286972
56.8,72,1960.235954
144.0,181,1980.868808
21.6,28,1984.099472
50.444609,64,1991.281912
25.115938,32,1994.833293
27.2,35,1998.830938
20.0,26,2001.782324
24.8,32,2005.313525
56.8,72,2013.532678
63.2,80,2024.32772
44.0,56,2030.55997
13.6,18,2032.578723
64.0,81,2041.780732
8.8,12,2043.143297
17.6,23,2045.711398
8.8,12,2047.007877
6.4,9,2048.040967
83.244304,105,2059.665351
92.0,116,2072.57451
149.629767,188,2093.837347
138.417375,174,2113.482467
65.6,83,2122.651156
17.6,23,2125.216812
20.8,27,2128.225413
54.4,69,2135.982854
240.005218,300,2170.178478
12.8,17,2172.074963
48.0,61,2178.945096
63.215186,80,2187.989361
124.8,157,2400.111024
18.4,24,2402.847375
97.6,123,2417.061576
28.0,36,2421.045786
22.4,29,2424.293672
30.429767,39,2428.659447
84.8,107,2440.558426
52.0,66,2449.688399
22.4,29,2452.921328
52.821273,67,2461.652012
38.4,49,2467.722327
35.2,45,2473.232905
83.2,105,2485.249834
143.2,180,2505.58415
32.0,41,2510.413806
104.0,131,2526.885589
32.0,41,2531.712517
28.829767,37,2535.86192
107.2,135,2550.526523
30.4,39,2554.893608
36.8,47,2560.057417
55.2,70,2567.791048
57.6,73,2575.955286
56.8,72,2584.039857
34.4,44,2588.840914
52.0,66,2596.167968
12.8,17,2598.111061
133.6,168,2616.449269
32.0,41,2621.051633
21.626318,28,2624.151645
63.2,80,2632.846113
24.808861,32,2636.380527
53.6,68,2643.829363
67.2,85,2653.07834
72.0,91,2663.193629
11.2,15,2664.853395
91.2,115,2679.210032
232.0,291,2711.460006
17.6,23,2714.038734
40.8,52,2719.902944
193.608861,243,2746.872783
160.0,201,2769.29787
52.0,66,2777.27681
125.6,158,2795.442865
42.4,54,2801.490219
10.4,14,2803.093548
28.8,37,2807.091486
170.4,214,2830.971715
165.6,208,2853.731293
37.6,48,2859.136346
40.8,52,2864.90055
114.4,144,2880.831854
17.6,23,2883.41474
40.8,52,2889.080635
15.2,20,2891.252179
80.0,101,2902.530553
9.6,13,2903.962145
73.6,93,2916.1973
90.4,114,2928.842
76.8,97,2939.590739
13.6,18,2941.606589
240.0,300,2975.439935
45.6,58,2982.001736
35.2,45,2987.053624
74.4,94,2997.536717
51.2,65,3004.686896
41.6,53,3010.531411
51.2,65,3017.69903
10.4,14,3019.268348
32.8,42,3023.831535
12.8,17,3025.730896
155.2,195,3047.343112
71.2,90,3057.379208
76.0,96,3068.190489
40.8,52,3074.058643
80.0,101,3085.321488
63.2,80,3094.452195
26.4,34,3098.169717
56.8,72,3106.268908
128.005435,161,3124.649713
65.6,83,3133.717187
92.8,117,3148.598701
20.829767,27,3151.55348
12.0,16,3153.297831
23.2,30,3156.615798
13.6,18,3158.59706
140.0,176,3178.209296
9.6,13,3179.667618
240.0,300,3213.507533
136.8,172,3232.551713
240.0,300,3265.87045
44.8,57,3272.149263
136.0,171,3290.56125
15.2,20,3292.827653
52.8,67,3300.397207
7.2,10,3301.528246
31.2,40,3305.992489
24.8,32,3309.59209
70.4,89,3319.332989
184.003295,231,3344.637533
28.8,37,3348.636949
9.6,13,3350.036794
67.2,85,3359.500651
72.0,91,3371.250638
7.229767,10,3372.368638
64.0,81,3381.318864
123.2,155,3398.915186
113.6,143,3415.163761
235.2,295,3448.095798
63.2,80,3456.906126
7.2,10,3458.02537
8.003295,11,3459.257586
181.608861,228,3484.850874
25.6,33,3488.468703
240.0,300,3522.561367
142.4,179,3543.463299
240.0,300,3578.49404
155.2,195,3603.056251
240.034257,300,3638.419033
7.2,10,3639.575253
18.4,24,3642.278957
15.2,20,3644.500033
9.6,13,3645.97126
41.608861,53,3651.980546
146.4,184,3672.931296
21.6,28,3676.092694
56.0,71,3684.595634
42.4,54,3690.824248
51.2,65,3698.807621
240.0,300,3734.255031
55.2,70,3742.252083
240.0,300,3776.529322
52.0,66,3783.975058
5.6,8,3784.877939
29.6,38,3789.079322
46.4,59,3795.865649
25.6,33,3799.629851
35.229767,45,3804.810418
59.2,75,3813.461423
142.4,179,3833.824864
8.8,12,3835.25856
41.6,53,3843.138691
60.8,77,3852.060147
63.2,80,3861.521587
80.8,102,3873.176101
36.0,46,3878.569573
70.4,89,3888.951367
77.6,98,3900.033485
240.0,300,3934.89193
107.2,135,3950.560198
9.6,13,3952.109775
33.6,43,3957.22373
29.6,38,3961.639916
24.0,31,3965.206151
52.0,66,3972.771905
67.2,85,3982.53725
85.6,108,3995.402033
13.6,18,3997.48528
91.2,115,4010.61691
12.8,17,4012.552058
12.8,17,4014.566522
92.8,117,4027.647943
17.6,23,4030.274926
171.2,215,4054.910463
16.8,22,4057.410582
60.8,77,4066.36143
61.6,78,4075.241711
36.8,47,4082.496355
35.2,45,4087.658841
16.0,21,4090.10833
68.8,87,4100.220104
154.4,194,4122.671207
46.4,59,4129.353687
56.0,71,4137.883539
240.0,300,4172.214163
236.0,296,4205.6413
10.4,14,4207.226301
63.2,80,4216.494138
48.8,62,4223.522271
166.4,209,4247.554767
56.0,71,4255.566488
71.388038,90,4265.985303
9.6,13,4267.449818
24.8,32,4271.15492
38.4,49,4276.779952
17.6,23,4279.485615
61.6,78,4288.266495
48.8,62,4295.712157
6.4,9,4296.712534
84.0,106,4308.844249
105.6,133,4326.158639
68.8,87,4336.024132
240.0,300,4371.009526
114.4,144,4387.567423
19.2,25,4390.468901
12.0,16,4392.233274
32.8,42,4397.016217
18.4,24,4399.723705
240.0,300,4433.613373
240.138553,300,4468.26
8.8,12,4469.711008
125.6,158,4487.907211
41.6,53,4493.920804
60.0,76,4502.788707
240.0,300,4538.484652
76.8,97,4549.648062
240.0,300,4587.17491
229.6,288,4620.753856
240.0,300,4655.284159
240.0,300,4912.948851
148.0,186,4934.314576
70.4,89,4944.693653
28.029767,36,4948.912743
188.0,236,4976.375791
88.0,111,4989.491878
8.8,12,4990.907497
240.0,300,5027.303109
240.0,300,5062.495908
97.6,123,5076.979189
121.6,153,5094.986357
16.8,22,5097.977505
80.8,102,5109.822841
19.2,25,5112.708824
35.2,45,5117.973754
47.2,60,5124.754352
19.2,25,5127.645941
240.0,300,5162.36504
8.0,11,5163.635309
240.0,300,5198.63114
57.6,73,5207.058331
13.6,18,5209.161755
70.4,89,5219.713019
240.0,300,5255.27013
92.0,116,5270.753838
240.0,300,5305.597296
240.0,300,5341.542579
52.0,66,5349.310796
240.0,300,5384.323079
48.0,61,5391.354528
38.4,49,5397.104852
240.0,300,5432.652653
42.4,54,5438.950387
122.4,154,5456.863698
90.4,114,5470.091926
5.613723,8,5471.016128
240.0,300,5508.290069
43.2,55,5514.7027
240.0,300,5549.616411
24.8,32,5553.289332
91.2,115,5566.665588
240.0,300,5601.974963
40.8,52,5608.109142
14.4,19,5610.288782
16.8,22,5612.823291
75.2,95,5623.891465
62.4,79,5633.007097
239.2,300,5667.818975
184.0,231,5694.698936
48.8,62,5701.882395
20.0,26,5704.831454
68.8,87,5714.996335
100.0,126,5729.661152
21.6,28,5732.940174
80.8,102,5746.874278
25.6,33,5750.658012
18.4,24,5753.42452
98.4,124,5767.85626
32.8,42,5772.688743
53.6,68,5780.537506
92.8,117,5794.519256
27.2,35,5798.651423
27.2,35,5802.750905
6.4,9,5803.801015
9.6,13,5805.30091
12.0,16,5807.167476
7.229767,10,5808.35199
108.0,136,5824.198505
92.8,117,5837.8962
40.8,52,5844.079346
85.6,108,5856.625183
76.8,97,5867.988205
126.4,159,5886.641113
103.2,130,5901.522104
72.0,91,5911.870283
32.0,41,5916.618953
24.0,31,5920.199502
240.0,300,5954.981074
83.2,105,5966.897619
19.2,25,5969.757991
9.6,13,5971.229032
13.6,18,5973.36253
39.2,50,5979.175498
222.4,279,6013.644385
240.0,300,6048.485698
240.0,300,6084.444611
111.2,140,6101.12601
60.8,77,6110.177828
129.6,163,6129.290974
16.8,22,6131.8748
240.0,300,6166.267586
240.0,300,6201.314039
40.8,52,6207.278832
8.8,12,6208.687605
4.972058,7,6209.513434
63.2,80,6218.910706
64.0,81,6229.949441
56.8,72,6238.274476
240.0,300,6273.45335
240.0,300,6307.61851
136.0,171,6327.829928
6.4,9,6328.848024
240.058419,300,6363.627217
18.4,24,6366.406328
8.0,11,6367.711757
13.6,18,6369.740735
103.2,130,6384.741621
31.2,40,6389.441147
19.2,25,6392.720962
68.0,86,6402.702254
142.4,179,6423.153214
18.4,24,6425.922887
148.0,186,6447.313011
14.4,19,6449.54891
240.0,300,6486.411048
52.0,66,6494.274571
9.6,13,6495.844287
175.2,220,6521.490175
240.0,300,6556.201693
68.0,86,6566.11496
21.6,28,6569.350803
7.2,10,6570.550827
10.4,14,6572.151971
24.0,31,6575.800133
96.0,121,6590.014931
33.6,43,6595.063446
15.2,20,6597.330754
62.4,79,6606.328659
45.6,58,6613.090628
24.0,31,6616.676706
44.0,56,6623.26052
116.0,146,6640.791926
240.0,300,6675.602246
20.8,27,6678.687555
34.4,44,6683.93447
8.8,12,6685.28427
79.2,100,6697.18652
64.0,81,6708.56631
240.029767,300,6743.779945
21.6,28,6747.002962
15.2,20,6749.366659
43.2,55,6755.781265
240.0,300,6791.016357
32.0,41,6795.841707
73.6,93,6806.55826
184.8,232,6834.008987
76.8,97,6845.274016
125.6,158,6863.440373
28.8,37,6867.70551
240.0,300,6902.536167
57.6,73,6910.969832
6.4,9,6912.036388
9.6,13,6913.535362
58.4,74,6922.235574
66.4,84,6931.917847
137.6,173,6954.263592
11.2,15,6955.999204
240.0,300,6990.830243
240.0,300,7025.842634
128.8,162,7044.49622
69.6,88,7054.739955
110.408861,139,7070.972555
30.4,39,7075.49132
51.2,65,7083.122173
32.0,41,7087.871835
32.0,41,7092.709173
119.2,150,7110.321938
90.4,114,7123.68319
225.6,283,7156.316502
13.6,18,7158.363827
71.2,90,7168.749394
64.8,82,7178.328865
70.4,89,7190.694887
14.4,19,7192.929942
64.0,81,7202.596494
91.2,115,7215.978819
5.6,8,7216.911363
13.6,18,7218.962039
62.4,79,7228.16123
176.8,222,7253.926041
19.2,25,7492.039945
48.8,62,7499.35385
72.8,92,7510.218657
114.4,144,7527.138979
25.6,33,7531.208052
240.0,300,7566.751009
240.0,300,7601.966371
22.4,29,7605.328777
50.406105,64,7612.694926
240.0,300,7647.861509
240.0,300,7684.474444
215.2,270,7715.855415
140.8,177,7736.703391
44.0,56,7743.198154
18.4,24,7745.950074
64.0,81,7755.247295
94.4,119,7769.014787
240.0,300,7803.41309
20.8,27,7806.544222
12.8,17,7808.462553
57.6,73,7816.979767
28.0,36,7821.176179
76.0,96,7832.295272
15.2,20,7834.57686
20.0,26,7837.511234
12.0,16,7839.410348
240.0,300,7874.707418
142.4,179,7895.839872
147.2,185,7919.037665
23.2,30,7922.539766
240.0,300,7956.979718
4.8,7,7957.846682
48.8,62,7965.028957
9.6,13,7966.54862
6.4,9,7967.580754
135.2,170,7987.26124
16.0,21,7989.729768
178.4,224,8016.47266
48.8,62,8023.861136
20.0,26,8026.91011
76.0,96,8038.209101
185.6,233,8065.522829
93.6,118,8079.071334
146.4,184,8100.703018
95.2,120,8114.81733
240.0,300,8151.311438
77.6,98,8162.812884
169.6,213,8187.36109
64.0,81,8197.105951
72.8,92,8207.775098
92.8,117,8221.472073
104.0,131,8236.907012
19.2,25,8239.815838
72.0,91,8250.288082
205.6,258,8280.416298
13.794169,18,8282.532792
240.0,300,8317.698991
6.4,9,8318.762792
52.8,67,8326.614214
111.2,140,8343.395612
158.4,199,8366.410432
8.8,12,8367.791212
236.8,297,8404.043569
145.6,183,8425.239023
164.0,206,8448.986527
240.0,300,8483.902406
14.4,19,8486.113848
240.0,300,8521.113124
40.8,52,8527.126407
8.0,11,8528.394146
24.0,31,8531.892342
120.8,152,8549.491116
39.2,50,8555.273949
118.4,149,8572.055826
37.6,48,8577.605088
78.4,99,8589.023436
129.6,163,8607.835657
40.8,52,8613.787798
240.0,300,8650.414989
17.6,23,8653.031435
144.8,182,8674.132696
240.0,300,8709.425993
11.2,15,8711.159138
7.2,10,8712.313085
34.4,44,8717.460528
64.8,82,8727.024139
23.2,30,8730.509574
18.4,24,8733.309409
240.0,300,8768.536493
6.429767,9,8769.555876
104.0,131,8784.901444
55.2,70,8793.536546
22.4,29,8796.886184
219.2,275,8829.38013
240.0,300,8866.262893
39.2,50,8871.975775
76.8,97,8883.807229
240.0,300,8918.420841
30.4,39,8923.003692
240.0,300,8957.585296
7.2,10,8958.769297
37.6,48,8964.285557
40.0,51,8970.10078
240.0,300,9004.768016
17.6,23,9007.430929
20.0,26,9010.380106
240.0,300,9045.740844
16.0,21,9048.207268
80.0,101,9059.993176
62.4,79,9069.224541
240.0,300,9106.79166
75.2,95,9117.916201
240.0,300,9153.466057
77.6,98,9164.681117
240.0,300,9199.19425
240.0,300,9234.307874
240.0,300,9269.160744
240.0,300,9303.746852
23.2,30,9307.166179
7.2,10,9308.379713
135.2,170,9328.178172
34.4,44,9333.229969
187.2,235,9362.470243
19.2,25,9365.376941
153.6,193,9387.72339
240.0,300,9422.918141
143.2,180,9443.852064
140.0,176,9464.231433
45.6,58,9470.782688
47.2,60,9477.74877
240.0,300,9512.678316
240.0,300,9547.606918
15.2,20,9549.923685
240.0,300,9587.403702
120.0,151,9605.06569
144.8,182,9626.948978
124.8,157,9645.309628
7.2,10,9646.498011
115.2,145,9663.838681
27.2,35,9668.013406
240.0,300,9703.899551
240.0,300,9738.945277
112.0,141,9755.368452
91.2,115,9768.57198
64.0,81,9777.837028
12.8,17,9779.807798
24.0,31,9783.381855
175.2,220,9808.566985
24.8,32,9812.242827
12.8,17,9814.230315
38.4,49,9819.755619
8.0,11,9821.100757
240.0,300,10061.220833
84.0,106,10073.820784
15.2,20,10076.098807
48.8,62,10083.16372
206.4,259,10113.113014
71.2,90,10123.713473
11.2,15,10125.511542
44.8,57,10132.050066
49.6,63,10139.139494
10.4,14,10140.785455
12.0,16,10142.67677
48.8,62,10149.634038
199.2,250,10178.057416
60.0,76,10186.929184
68.8,87,10197.127608
8.0,11,10198.394346
240.0,300,10233.116457
5.6,8,10234.070204
236.0,296,10267.692445
49.6,63,10276.626395
35.2,45,10281.674584
162.4,204,10305.241475
60.8,77,10314.006653
114.4,144,10330.560613
65.6,83,10340.391556
212.8,267,10370.767734
240.0,300,10405.247081
64.8,82,10414.711692
240.0,300,10449.727959
240.0,300,10484.585159
142.4,179,10505.133841
240.0,300,10541.839902
47.2,60,10548.692532
60.222384,76,10557.466291
65.6,83,10567.007774
39.2,50,10572.700923
101.6,128,10587.587594
117.6,148,10604.909623
228.0,286,10637.800373
135.260008,170,10657.567824
104.0,131,10672.710299
6.4,9,10673.771671
240.0,300,10708.472903
168.0,211,10733.285084
48.0,61,10740.427098
21.6,28,10743.671842
240.0,300,10779.845119
240.0,300,10814.4718
240.0,300,10849.881657
23.2,30,10853.320253
4.8,7,10854.133708
13.6,18,10856.264706
240.0,300,10891.352767
201.6,253,10920.703348
6.4,9,10921.771819
240.0,300,10956.578055
24.0,31,10960.171735
49.6,63,10967.516469
9.6,13,10969.03052
240.0,300,11004.773775
40.0,51,11010.705
56.8,72,11019.003022
196.8,247,11047.504735
51.2,65,11054.968136
238.4,299,11089.687135
13.6,18,11091.810268
226.4,284,11124.71044
61.6,78,11134.145198
240.0,300,11169.808712
99.2,125,11184.232078
12.0,16,11186.126482
7.2,10,11187.276029
5.6,8,11188.2426
35.2,45,11193.913499
10.4,14,11195.546931
6.4,9,11196.567155
10.4,14,11198.259108
140.8,177,11218.751715
31.2,40,11223.349685
84.0,106,11237.554053
17.6,23,11240.166559
240.0,300,11275.288908
240.0,300,11310.372683
240.0,300,11345.125811
21.6,28,11348.384972
46.4,59,11355.100492
5.067719,7,11355.954791
240.0,300,11391.461849
55.2,70,11399.622241
46.4,59,11406.394536
4.282407,6,11407.111871
23.2,30,11410.585045
23.2,30,11414.041784
240.0,300,11449.028012
20.0,26,11452.051094
78.4,99,11463.603353
36.0,46,11470.748163
16.8,22,11473.357989
92.8,117,11487.068176
78.4,99,11498.895209
67.2,85,11508.669806
40.0,51,11514.523547
89.6,113,11527.817341
60.8,77,11536.866534
8.0,11,11538.182076
40.8,52,11544.040762
240.0,300,11579.154162
240.026341,300,11614.218311
92.021273,116,11627.654402
9.6,13,11629.198941
240.0,300,11663.998469
12.0,16,11665.852893
92.0,116,11679.448268
240.0,300,11717.165894
12.8,17,11719.806817
212.0,266,11753.369513
240.0,300,11788.354661
240.0,300,11824.0699
84.8,107,11836.596775
56.0,71,11844.864663
240.0,300,11879.528044
12.8,17,11881.568536
240.255692,300,11916.084273
240.0,300,11951.796983
130.4,164,11972.858044
100.0,126,11987.536444
160.8,202,12010.96864
82.4,104,12023.040135
240.0,300,12058.385232
35.2,45,12063.641454
162.4,204,12087.805923
240.161188,300,12123.485404
240.0,300,12159.402561
240.0,300,12193.609396
236.0,296,12230.963708
120.8,152,12248.919536
34.4,44,12254.042323
139.2,175,12274.596332
240.0,300,12309.070451
197.6,248,12337.958793
240.0,300,12373.170203
68.0,86,12383.304567
24.0,31,12387.009138
88.8,112,12448.380985
221.6,278,12481.24603
240.0,300,12518.538601
153.6,193,12541.230818
131.2,165,12560.695378
90.4,114,12573.891851
116.0,146,12591.061537
28.0,36,12595.218912
240.0,300,12629.719315
68.0,86,12639.638268
240.0,300,12674.607579
112.8,142,12691.195318
24.8,32,12695.332581
180.0,226,12721.898162
42.4,54,12730.171623
103.2,130,12745.348497
5.6,8,12746.29865
240.0,300,12781.71622
240.0,300,12817.612103
40.8,52,12823.747378
41.6,53,12829.909539
112.8,142,12846.841697
185.6,233,12874.570136
136.0,171,12894.800018
48.8,62,12902.094697
44.8,57,12908.875562
132.8,167,12928.234423
5.6,8,12929.155918
214.4,269,12960.195593
134.4,169,12981.973484
240.0,300,13017.228791
60.0,76,13026.028713
30.4,39,13030.624448
240.0,300,13065.316849
240.0,300,13100.189865
38.4,49,13105.895482
88.8,112,13118.888487
77.6,98,13130.107262
240.0,300,13165.289946
240.0,300,13200.547705
240.0,300,13238.272635
240.0,300,13273.711587
19.2,25,13276.678969
144.0,181,13298.80819
15.2,20,13301.302583
136.8,172,13321.634759
9.6,13,13323.105372
51.2,65,13330.771395
76.0,96,13341.959301
63.2,80,13351.39328
238.4,299,13386.559724
36.0,46,13391.782392
166.4,209,13416.854251
68.0,86,13426.956626
240.0,300,13464.617353
240.0,300,13499.578972
170.4,214,13524.65907
32.0,41,13529.390532
36.8,47,13534.850101
103.2,130,13550.279414
240.0,300,13585.480088
14.4,19,13587.752295
240.0,300,13624.166818
36.0,46,13629.63563
240.0,300,13664.871836
240.0,300,13702.422658
240.0,300,13737.912309
74.4,94,13749.097972
128.067755,161,13768.128588
68.8,87,13778.686719
9.6,13,13780.195025
30.4,39,13784.90391
31.2,40,13789.714255
21.6,28,13793.02471
240.0,300,13828.574713
240.0,300,13864.376823
62.4,79,13873.890602
161.6,203,13898.340062
40.0,51,13904.390003
137.6,173,13924.518267
240.0,300,13961.945333
240.0,300,13997.549865
72.8,92,14008.404021
32.0,41,14013.26235
200.0,251,14042.880821
197.6,248,14072.21565
240.0,300,14107.84956
132.8,167,14127.273132
5.668089,8,14128.314275
191.2,240,14157.710679
41.6,53,14163.842072
72.0,91,14174.543681
149.6,188,14198.267502
46.408861,59,14205.067556
240.0,300,14239.762968
240.0,300,14274.581957
125.6,158,14292.789796
136.8,172,14313.17073
240.0,300,14348.168236
159.2,200,14371.416177
6.4,9,14372.48273
18.4,24,14375.33172
5.6,8,14376.265423
96.0,121,14390.27953
69.6,88,14400.495593
20.0,26,14403.462209
8.8,12,14404.876014
8.8,12,14406.278266
149.6,188,14428.441934
18.4,24,14433.090641
24.0,31,14436.688459
89.6,113,14450.122617
232.0,291,14484.585295
48.8,62,14491.950465
40.8,52,14498.180336
185.6,233,14525.896662
32.0,41,14530.645431
45.6,58,14537.24242
80.0,101,14548.994946
82.4,104,14561.156083
10.4,14,14562.708975
6.4,9,14563.758332
116.0,146,14580.668675
96.0,121,14594.803723
240.0,300,14630.29952
151.2,190,14652.24844
43.2,55,14658.560427
192.8,242,14688.542875
240.0,300,14723.437695
133.6,168,14743.634887
240.0,300,14778.580485
219.2,275,14810.977103
240.0,300,15091.924261
47.2,60,15099.123806
104.0,131,15114.46727
28.0,36,15118.635025
240.0,300,15153.766264
84.8,107,15168.1822
8.0,11,15169.465095
8.0,11,15170.747266
64.0,81,15180.0813
240.0,300,15215.139168
240.0,300,15249.635256
60.8,77,15258.65282
52.0,66,15266.385652
5.6,8,15267.319166
18.711934,24,15270.101923
101.6,128,15284.916305
52.8,67,15293.215919
47.2,60,15300.211643
123.2,155,15318.128858
225.6,283,15351.522846
56.8,72,15361.069675
27.2,35,15365.71008
30.4,39,15370.261819
154.4,194,15391.966708
186.4,234,15419.5296
68.0,86,15428.832145
13.6,18,15430.796856
142.4,179,15450.496377
50.4,64,15457.426859
14.4,19,15459.494065
36.8,47,15464.582133
29.6,38,15468.690085
240.0,300,15502.154858
62.4,79,15510.736151
240.0,300,15543.629093
9.6,13,15545.063714
219.2,275,15574.778434
202.4,254,15602.657693
240.0,300,15637.703887
52.0,66,15644.987653
27.2,35,15648.933655
140.0,176,15668.73119
24.829767,32,15672.24731
66.4,84,15681.315046
8.0,11,15682.49863
124.0,156,15699.993834
240.0,300,15732.4593
240.0,300,15764.856637
74.4,94,15775.07134
104.0,131,15789.533781
111.2,140,15804.81598
240.0,300,15837.392802
85.6,108,15849.209441
240.0,300,15883.920285
240.0,300,15916.58517
240.0,300,15950.175981
50.4,64,15957.178123
50.4,64,15964.126626
12.8,17,15966.026301
159.2,200,15987.759188
50.4,64,15995.106132
240.0,300,16027.786743
33.6,43,16032.495744
68.0,86,16041.832936
27.2,35,16045.639771
118.4,149,16061.814104
8.8,12,16063.130476
5.6,8,16063.98046
12.0,16,16065.696936
90.4,114,16077.995353
12.0,16,16079.728549
23.2,30,16084.762842
120.8,152,16101.325599
96.8,122,16114.704111
240.0,300,16147.324603
240.0,300,16180.033674
240.0,300,16212.894508
188.0,236,16238.910543
240.0,300,16271.587013
57.6,73,16279.423211
240.0,300,16314.598776
92.8,117,16327.246527
22.4,29,16330.399617
44.8,57,16336.612039
240.0,300,16369.174562
152.0,191,16390.055199
220.0,276,16420.289158
161.6,203,16442.43305
10.4,14,16443.936607
68.15858,86,16453.27593
240.0,300,16485.809461
7.2,10,16486.894198
240.0,300,16519.85729
228.0,286,16553.053261
63.2,80,16561.642561
36.0,46,16566.565324
7.2,10,16567.644099
84.8,107,16579.130784
6.4,9,16580.070854
240.0,300,16613.195328
109.6,138,16628.274684
58.4,74,16636.340183
46.4,59,16642.739508
8.0,11,16643.922456
202.4,254,16671.771968
12.8,17,16673.618578
240.0,300,16706.169303
103.2,130,16720.279197
8.8,12,16721.629149
24.8,32,16725.112111
240.0,300,16760.257511
71.2,90,16769.939615
26.4,34,16773.607932
72.0,91,16784.042203
135.377532,170,16802.768572
240.0,300,16835.700167
114.4,144,16851.54536
104.8,132,16866.293825
223.2,280,16896.906173
240.0,300,16929.369191
240.0,300,16962.431541
32.8,42,16966.968005
240.0,300,17001.676679
183.2,230,17026.377219
143.2,180,17046.025649
14.4,19,17048.036964
69.6,88,17057.491184
48.8,62,17064.220324
74.4,94,17074.250285
9.6,13,17075.652282
56.0,71,17083.335515
240.0,300,17116.111529
240.0,300,17148.570201
186.4,234,17173.886966
240.0,300,17206.538431
240.0,300,17240.26213
28.8,37,17244.311626
108.0,136,17258.875072
28.0,36,17262.792542
57.6,73,17270.691558
240.0,300,17496.345741
44.8,57,17502.731648
240.0,300,17536.357382
92.8,117,17549.488989
36.0,46,17554.573477
111.2,140,17570.287969
10.4,14,17571.852573
92.8,117,17585.050956
9.6,13,17586.51966
76.8,97,17597.315238
40.0,51,17603.0173
52.8,67,17610.367481
240.0,300,17646.294934
11.2,15,17647.992792
78.4,99,17659.041362
24.0,31,17662.542847
92.8,117,17676.224278
200.8,252,17704.403978
240.0,300,17737.947773
17.6,23,17740.496801
62.4,79,17749.310189
58.4,74,17758.028595
32.8,42,17762.894482
52.0,66,17770.395319
11.2,15,17772.128518
42.4,54,17778.14258
49.6,63,17785.211216
59.2,75,17793.928992
240.0,300,17827.486218
240.0,300,17862.889532
135.2,170,17882.012364
104.0,131,17896.480291
95.2,120,17909.845564
61.6,78,17919.043017
88.0,111,17931.574559
144.8,182,17951.925681
28.0,36,17955.972051
111.2,140,17971.534112
240.0,300,18005.246437
32.0,41,18009.944616
240.0,300,18043.3917
240.0,300,18076.923776
9.6,13,18078.370314
5.6,8,18079.265026
240.0,300,18115.068721
59.2,75,18123.514688
240.0,300,18157.596208
178.4,224,18183.306628
13.6,18,18185.295672
113.6,143,18201.27344
240.0,300,18235.252195
240.0,300,18269.114347
72.0,91,18279.577472
54.4,69,18287.212957
19.2,25,18289.976109
240.0,300,18323.753882
196.0,246,18353.739941
10.4,14,18355.261331
196.0,246,18382.664054
9.6,13,18384.116426
82.4,104,18396.112317
77.6,98,18407.231856
47.2,60,18414.076693
12.0,16,18415.878094
240.0,300,18449.805303
240.0,300,18483.28762
240.0,300,18517.413194
100.0,126,18531.646525
107.2,135,18546.95936
150.4,189,18570.089655
205.6,258,18598.985879
61.6,78,18607.634681
40.8,52,18613.376177
92.8,117,18626.715707
56.0,71,18634.698145
115.2,145,18651.06069
240.0,300,18684.191658
220.8,277,18715.320919
14.4,19,18717.474059
116.0,146,18733.808406
176.8,222,18758.135424
155.2,195,18780.112945
30.4,39,18784.495052
240.0,300,18820.14957
99.2,125,18834.222105
173.6,218,18858.580758
240.0,300,18892.014504
176.0,221,18917.144602
89.6,113,18930.111262
60.8,77,18938.795556
148.8,187,18960.292364
238.4,299,18993.934564
240.0,300,19030.050227
240.0,300,19063.97897
240.0,300,19098.225015
42.4,54,19104.203082
128.0,161,19122.101073
27.2,35,19126.054996
158.4,199,19148.616391
16.8,22,19151.080966
240.0,300,19184.92623
7.2,10,19186.092749
138.4,174,19205.748352
220.8,277,19236.602943
240.0,300,19272.266987
69.6,88,19282.265436
24.0,31,19285.831539
35.2,45,19290.951875
240.0,300,19325.941416
64.8,82,19335.191923
240.0,300,19368.954245
240.0,300,19403.314458
240.0,300,19436.99685
170.4,214,19461.040451
10.4,14,19462.637336
83.2,105,19474.605302
240.0,300,19510.639326
68.0,86,19520.371627
56.8,72,19528.481591
240.0,300,19562.577299
8.0,11,19563.79365
52.0,66,19571.128409
89.6,113,19583.994402
68.8,87,19594.376723
47.2,60,19601.090739
27.2,35,19605.009457
38.4,49,19610.420929
137.6,173,19629.790649
240.0,300,19663.230727
123.2,155,19682.047365
20.0,26,19684.961358
240.0,300,19719.158577
70.4,89,19730.84659
87.2,110,19743.238967
240.0,300,19822.843252
44.0,56,19829.142593
145.6,183,19849.758426
121.621273,153,19867.175689
240.0,300,19901.45173
76.0,96,19912.284113
43.2,55,19918.464003
96.8,122,19932.195675
100.0,126,19946.243885
69.6,88,19956.192737
132.8,167,19974.956682
240.0,300,20010.320844
28.8,37,20014.522586
84.0,106,20026.549901
50.4,64,20033.747898
7.2,10,20034.934171
240.0,300,20068.644587
9.6,13,20070.126337
92.8,117,20083.076178
13.6,18,20085.090996
158.4,199,20107.307992
28.8,37,20111.530852
140.8,177,20131.30497
145.6,183,20152.153631
6.4,9,20153.205806
123.2,155,20171.097952
18.4,24,20173.766416
240.0,300,20208.54518
8.8,12,20209.970513
4.0,6,20210.695483
221.6,278,20244.791582
49.6,63,20251.741835
94.4,119,20265.13553
16.8,22,20267.567121
6.4,9,20268.538311
47.2,60,20275.350387
96.0,121,20288.799147
45.6,58,20295.290612
240.0,300,20329.299389
240.0,300,20363.291872
6.4,9,20364.257826
51.2,65,20371.581447
240.0,300,20405.382446
52.0,66,20412.866233
8.8,12,20414.1684
240.0,300,20448.397026
109.6,138,20464.23399
240.0,300,20499.601009
68.8,87,20509.334952
7.2,10,20510.444948
240.0,300,20543.615291
240.0,300,20577.832985
89.6,113,20590.423532
113.6,143,20606.592924
28.0,36,20610.602847
32.0,41,20615.242144
126.4,159,20633.30962
100.0,126,20647.787195
240.0,300,20682.31573
240.0,300,20718.838381
93.6,118,20732.314701
240.0,300,20766.96266
240.0,300,20801.953704
73.6,93,20812.560242
13.6,18,20814.691633
22.4,29,20817.992819
240.0,300,20852.11156
135.2,170,20871.489057
240.0,300,20906.234248
232.8,292,20940.458759
240.0,300,20976.516185
240.0,300,21010.842454
102.4,129,21025.742067
36.0,46,21031.131729
112.0,141,21047.383559
38.4,49,21052.995687
240.0,300,21087.780685
240.0,300,21123.357031
55.2,70,21131.473477
9.6,13,21132.974221
240.0,300,21168.265457
22.4,29,21171.480107
20.0,26,21174.449174
112.8,142,21192.958528
240.0,300,21227.661885
240.0,300,21261.851273
15.2,20,21264.123275
25.6,33,21267.814547
134.4,169,21287.359121
15.2,20,21289.640032
39.2,50,21295.373426
48.0,61,21302.417892
35.2,45,21307.475845
70.4,89,21317.750949
11.2,15,21319.451979
240.0,300,21354.051079
240.0,300,21388.146929
188.8,237,21415.910918
106.4,134,21432.963699
240.0,300,21467.07699
139.2,175,21487.069873
64.8,82,21496.543875
135.2,170,21516.631061
7.2,10,21517.825525
9.6,13,21519.338342
52.8,67,21527.077107
240.0,300,21560.930954
147.2,185,21582.14094
218.4,274,21613.590145
8.8,12,21615.015518
18.4,24,21617.758985
71.2,90,21628.244475
46.4,59,21634.920377
36.0,46,21640.302096
240.0,300,21676.581104
240.0,300,21711.396159
39.2,50,21717.2487
124.8,157,21735.454118
8.0,11,21736.713326
79.2,100,21748.031089
19.2,25,21751.030456
20.8,27,21754.098402
54.4,69,21762.191764
8.0,11,21763.418514
19.2,25,21766.33811
16.8,22,21768.759746
240.0,300,21803.437562
240.0,300,21838.045208
110.4,139,21854.273758
22.4,29,21857.615809
86.4,109,21870.345008
104.863945,132,21885.271356
39.2,50,21891.118506
240.0,300,21927.660794
116.0,146,21944.913256
240.0,300,21979.485493
240.0,300,22015.122823
240.0,300,22049.59014
57.6,73,22057.916077
7.2,10,22059.049113
240.0,300,22093.828238
96.8,122,22108.018908
46.4,59,22295.20425
85.6,108,22307.908722
97.6,123,22324.095475
240.0,300,22359.200182
29.6,38,22363.529042
84.0,106,22375.823785
240.121332,300,22410.717433
20.8,27,22413.889967
66.429767,84,22423.508887
152.8,192,22445.817166
12.0,16,22447.659378
16.0,21,22450.112637
172.8,217,22475.014994
21.6,28,22478.300994
140.0,176,22498.725107
19.2,25,22501.628855
60.0,76,22510.446502
173.6,218,22535.46133
240.0,300,22572.205932
91.2,115,22585.515653
99.2,125,22600.508328
98.4,124,22614.902328
76.8,97,22626.302048
37.6,48,22631.744735
38.4,49,22637.396361
17.6,23,22639.997502
43.2,55,22646.284204
62.4,79,22655.318805
64.8,82,22664.805452
44.0,56,22671.367965
65.603295,83,22681.055925
132.8,167,22700.144714
112.0,141,22716.157239
47.2,60,22723.041329
51.2,65,22730.458243
136.8,172,22750.299469
54.4,69,22758.341415
240.0,300,22793.189952
48.8,62,22802.282282
240.0,300,22837.327937
32.0,41,22842.19815
52.8,67,22849.808128
240.0,300,22884.667696
19.2,25,22887.586841
136.0,171,22907.919026
17.6,23,22910.652066
35.2,45,22915.759089
101.6,128,22930.696754
240.0,300,22965.302436
80.8,102,22977.19365
187.2,235,23004.585551
240.0,300,23041.739524
240.0,300,23076.493252
136.0,171,23096.526012
50.4,64,23103.945294
240.0,300,23139.738708
32.0,41,23144.477084
144.8,182,23165.725207
72.0,91,23176.355088
240.0,300,23211.958821
95.2,120,23225.824074
132.8,167,23245.257099
32.8,42,23250.114543
240.0,300,23287.262881
8.8,12,23288.649665
6.4,9,23289.687136
50.4,64,23297.14724
85.6,108,23309.734618
68.8,87,23320.137067
8.8,12,23321.599172
57.6,73,23330.053029
173.6,218,23356.312636
92.0,116,23369.819306
16.0,21,23372.230511
240.0,300,23407.744031
132.8,167,23427.26819
35.2,45,23432.540191
37.6,48,23438.17437
48.8,62,23445.266957
240.0,300,23480.706268
240.029767,300,23517.495104
153.6,193,23542.035741
10.4,14,23543.605504
68.0,86,23553.555116
9.6,13,23554.999081
183.2,230,23581.612584
58.4,74,23590.160678
10.4,14,23591.823367
240.0,300,23626.321888
93.6,118,23640.044419
168.0,211,23664.672282
111.2,140,23680.700828
103.2,130,23695.965114
240.0,300,23730.816413
15.2,20,23733.133269
42.4,54,23739.462445
240.0,300,23776.496529
168.0,211,23801.65357
16.8,22,23804.167037
240.0,300,23839.505202
240.0,300,23874.722437
81.6,103,23886.600547
141.6,178,23907.384143
74.4,94,23918.368309
5.6,8,23919.320959
240.0,300,23954.78805
108.8,137,23970.811072
12.8,17,23972.729173
179.2,225,23998.825283
7.2,10,24000.025818
27.2,35,24005.950378
240.0,300,24041.512506
65.6,83,24051.092369
172.0,216,24076.953066
172.8,217,24102.694657
6.4,9,24103.764925
91.2,115,24117.12344
39.2,50,24122.964001
121.6,153,24140.466526
13.6,18,24142.625537
152.8,192,24165.017724
240.0,300,24199.647607
112.8,142,24216.29672
240.0,300,24253.730926
69.6,88,24264.184347
114.4,144,24281.221627
240.0,300,24316.822258
240.0,300,24352.24916
20.0,26,24355.281253
240.138553,300,24390.44622
8.8,12,24391.974361
109.6,138,24408.630811
32.0,41,24413.391757
240.0,300,24447.91434
81.6,103,24459.907229
6.4,9,24460.97661
14.4,19,24463.188184
73.6,93,24473.962101
21.6,28,24477.171335
240.0,300,24514.169302
240.0,300,24548.926837
240.0,300,24584.715891
41.6,53,24590.904755
240.067303,300,24626.208141
9.6,13,24627.880421
30.4,39,24632.509499
8.8,12,24633.916407
45.6,58,24640.701041
105.6,133,24835.375562
240.0,300,24870.484432
240.0,300,24905.735316
