#{"t_start": 1781617623.0568404, "env_id": "highway-v0"}
r,l,t74133.890645,300,3549.241281
134.104172,300,3603.192825
133.988735,300,3660.857937
13.463509,30,3666.526136
133.988735,300,3723.508127
133.884375,300,3780.980259
133.988735,300,3837.228511
60.133016,135,3862.651291
6.872967,15,3865.498077
133.988735,300,3921.644989
133.988719,300,7062.945218
133.988735,300,7104.80999
133.988735,300,7146.084929
133.988735,300,7187.511343
133.985528,300,7228.94486
133.988719,300,7270.930988
133.988735,300,7311.869295
133.988735,300,7353.843635
133.963555,300,7395.752869
133.988668,300,7437.247591
59.766513,134,10272.605238
133.988345,300,10314.349808
68.210958,153,10335.351556
31.322069,70,10344.882949
133.988735,300,10393.578554
133.988735,300,10444.53075
133.988735,300,10503.477048
133.988735,300,10552.457561
133.988735,300,10603.674591
81.099846,182,10639.171817
136.210958,300,13629.896669
60.877624,129,13646.977548
134.061755,300,13686.410087
134.083645,300,13726.739719
134.026174,300,13767.198385
134.104172,300,13807.407359
134.066691,300,13846.802406
134.083645,300,13886.947191
134.104172,300,13926.565694
98.63823,221,13955.381905
135.93318,300,16652.782617
134.11956,300,16691.066012
17.617309,39,16696.091313
134.193785,300,16734.103148
134.193785,300,16772.800037
87.216315,117,16787.681541
6.070812,13,16789.298436
134.158709,300,16827.726913
134.083645,300,16866.036965
134.083645,300,16903.931787
54.877624,123,19598.727036
133.906127,300,19638.370511
133.988735,300,19677.520672
133.988735,300,19716.331033
133.906127,300,19755.243075
114.797638,258,19788.989845
134.193785,300,19828.729235
133.988735,300,19868.59653
133.988735,300,19907.981764
112.655402,253,19941.072275
134.193785,300,22654.667153
63.93318,129,22671.564867
146.421253,300,22711.393154
134.193785,300,22751.175358
141.544435,300,22790.071446
133.938599,300,22829.563609
134.020053,300,22869.089943
134.193785,300,22908.339258
134.020053,300,22948.097005
134.046523,300,22987.541475
101.544291,228,25695.87794
134.129571,300,25736.340867
133.988735,300,25776.266939
133.872493,300,25816.814739
133.988719,300,25857.428815
133.988735,300,25897.651413
15.320465,34,25902.27791
133.988735,300,25942.823127
133.988735,300,25983.838854
65.54102,147,26004.260995
134.632863,300,28675.333962
134.127356,300,28713.112991
135.304896,300,28750.783789
134.092682,300,28788.465451
134.193785,300,28826.716444
18.47949,41,28832.044879
137.122599,300,28869.924074
152.460736,300,28908.418354
50.678308,86,28919.282244
136.488735,300,28957.51074
133.969659,300,31667.253528
108.085153,243,31699.141157
133.862931,300,31737.967151
94.216042,212,31765.355411
134.067044,300,31813.451875
133.910794,300,31868.097356
133.910794,300,31923.407697
135.128977,300,31976.058086
135.211381,300,32019.428123
133.988735,300,32059.552232
133.910794,300,34887.079685
133.988735,300,34927.88637
141.079207,300,34968.510525
133.908759,300,35009.552057
133.845837,300,35058.660729
42.683731,96,35071.742564
72.37499,163,35097.790655
133.862931,300,35161.13511
133.862931,300,35224.446379
133.859949,300,35276.091597
133.988735,300,38340.482107
135.655402,300,38383.054417
153.134516,300,38426.63528
138.43318,300,38470.078894
137.322069,300,38513.619871
110.015204,244,38551.437202
134.822045,300,38599.617566
38.43318,86,38611.892814
139.444097,300,38658.876359
134.81573,300,38703.12011
133.988735,300,41477.429963
133.988735,300,41517.101422
133.988734,300,41557.241822
133.988735,300,41596.595739
133.98873,300,41636.615092
133.988727,300,41676.469196
71.766513,161,41697.734116
133.988735,300,41737.647308
10.877348,24,41740.74831
133.988735,300,41781.64496
140.684859,300,44544.540667
134.18825,300,44584.352396
134.066691,300,44624.105314
15.231265,34,44628.550962
134.373488,300,44668.743783
19.23127,43,44674.476499
133.910794,300,44714.454691
134.046523,300,44754.431092
143.988735,300,44794.514744
133.988735,300,44834.391705
89.099846,200,47558.909061
15.52711,34,47563.426077
115.824301,260,47598.122908
133.910794,300,47638.596662
133.897937,300,47678.193318
133.988735,300,47718.485592
133.988735,300,47759.182432
134.544291,300,47799.109808
109.157634,245,47831.443874
140.938469,300,47871.515888
33.231469
137.886093,300,6075.075274
20.787989,44,6081.265594
142.624406,300,6123.092002
142.602998,300,6166.819803
139.336022,300,6210.93089
146.795838,300,6253.91275
62.778861,136,6273.289959
34.51892,74,6283.724585
144.032153,300,6327.567867
25.32037,45,6333.884918
95.101157,205,6362.680182
146.534267,300,6403.591406
135.591268,295,6445.072419
141.362581,300,6487.045919
76.743864,156,6508.392973
17.073558,34,6513.159216
22.412343,47,6519.816494
139.169361,300,6561.424045
71.494842,154,6585.073346
73.923526,161,6607.477672
136.822161,300,6649.179608
6.818415,14,6651.091607
56.551202,124,6668.506123
137.028296,300,6709.784308
140.45223,300,6751.198749
41.130981,91,6763.779555
139.400819,300,6805.888852
5.722124,12,6807.49089
9.617095,20,6810.309036
38.098475,81,6821.688831
138.34702,300,6864.014834
142.243536,300,6909.829048
76.111251,160,6932.40607
141.764088,300,6974.719534
28.876193,62,6983.290524
7.294959,15,6985.353568
138.208128,300,7443.44487
61.955731,136,7462.662938
32.966882,60,7470.92126
141.429281,300,7512.952983
138.709048,300,7554.59382
143.885632,300,7598.592139
119.862868,256,7635.508293
140.603623,300,7677.565601
37.354592,82,7688.887547
94.170026,193,7715.754509
5.538296,11,7717.323697
139.461089,300,7759.001304
139.443793,300,7800.543336
148.433425,300,7842.754164
137.613238,300,7886.77049
138.600096,300,7927.881677
137.285999,300,7970.278476
143.464389,300,8012.457227
139.031482,300,8053.664004
141.372201,300,8094.958735
139.552885,300,8137.253858
137.845053,300,8181.750278
139.631699,300,8223.97578
140.291134,300,8265.753956
6.871158,15,8268.020149
79.171522,177,8292.538892
21.010076,40,8298.159762
142.761114,300,8340.510432
50.826638,110,8355.964704
148.568904,300,8398.520437
140.921187,300,8442.543264
141.330668,300,8484.159398
139.588238,300,8525.841636
140.241831,300,8567.350875
78.206599,170,8590.779355
147.608369,300,8632.382297
69.150393,148,8652.839955
11.93203,26,8656.491539
156.446789,300,8698.334926
23.196589,48,8705.02255
78.332793,170,8730.894953
146.949558,300,8773.509013
148.648567,300,8814.400939
18.221553,34,8819.070955
141.826677,300,8860.861742
150.950923,300,8902.606637
52.936843,100,8916.34513
147.280216,300,8957.294928
146.40919,300,8998.244393
143.740677,300,9042.945402
63.676402,122,9060.353634
8.555314,19,9063.07356
147.266433,300,9105.264129
35.630607,77,9115.864598
56.697608,115,9131.779286
144.65117,300,9173.659475
49.611875,101,9187.603807
22.356392,48,9194.397089
25.831201,54,9201.923459
143.096352,300,9244.529691
64.864097,131,9262.810764
85.178606,180,9288.274363
146.482915,300,9334.30499
154.550613,300,9376.13165
143.808903,300,9418.791722
142.614248,300,9460.131033
151.985833,300,9501.797321
141.122883,300,9544.691849
145.626487,300,9586.006214
86.462791,164,9610.935302
143.590929,300,9653.010274
148.395117,300,9694.608958
85.289823,167,9717.986556
24.415537,48,9724.652393
25.277641,53,9732.313412
50.506766,80,9743.412678
129.789235,266,9780.761804
155.399926,300,9822.19206
151.590578,300,9863.605314
15.797424,32,9868.170149
18.137106,36,9873.268946
11.884835,16,9875.566488
151.423992,300,9919.35009
109.127559,195,9946.765439
149.315452,300,9988.302303
44.838241,90,10000.919106
85.817692,177,10025.914074
146.898631,300,10068.099215
5.979992,12,10069.743403
149.279605,300,10111.619883
142.344578,282,10152.098051
19.952894,43,10158.064053
152.374148,300,10201.913505
18.296088,27,10205.714081
32.540907,62,10214.257443
90.473448,183,10239.603651
49.786483,102,10253.654029
90.077437,191,10674.456712
66.199823,123,10699.43519
31.64755,63,10712.500366
77.900868,162,10742.258956
29.056424,50,10751.812981
24.265306,44,10759.895459
80.195827,139,10782.977595
110.079731,218,10817.902592
73.090886,145,10839.527765
80.715595,152,10861.354743
50.560797,100,10875.901924
90.93433,178,10904.290851
152.369658,300,10947.714136
81.301019,151,10969.251822
35.712938,73,10979.960012
150.005596,300,11023.330564
16.176543,34,11028.245276
39.577882,82,11039.83692
137.781468,281,11082.976393
116.137679,245,11129.668169
147.728125,300,11187.630333
98.957161,201,11228.685915
114.458209,243,11274.478791
116.345072,241,11317.148562
13.035713,26,11321.846678
82.237663,174,11352.940721
148.531611,300,11405.835563
23.571738,49,11415.13101
151.590296,300,11471.306452
21.871922,46,11480.02364
139.482205,300,11535.365045
90.850232,185,11568.316277
155.517293,300,11624.898426
145.675772,300,11677.764142
154.633653,300,11735.582532
102.914118,209,11772.801576
32.735628,65,11784.486736
102.922882,217,11820.92214
34.644066,69,11830.385647
146.734827,300,11871.597457
17.765648,29,11875.546441
37.294525,71,11885.168953
19.445902,38,11890.315781
68.074062,143,11909.170329
79.884972,163,11932.77663
59.441584,106,11946.937301
20.581333,43,11952.459036
120.563628,244,11984.301395
100.118183,211,12012.581303
55.891314,119,12028.246178
51.297671,111,12042.7273
142.129162,300,12083.372225
137.569544,284,12121.233776
75.894092,157,12141.894576
149.844813,300,12181.4489
148.408624,300,12224.054311
82.719963,176,12247.199845
26.915164,57,12254.719729
49.164598,109,12269.229857
140.242731,300,12308.878794
142.830153,300,12348.629364
140.309582,300,12388.430945
140.213099,300,12427.376006
111.704101,246,12459.8729
41.819133,84,12471.108651
90.778411,190,12498.634322
82.815317,179,12522.313967
111.119505,242,12554.727175
26.500204,55,12561.942716
9.888511,22,12564.830235
145.937552,300,12604.122802
39.037565,87,12615.628269
142.161795,300,12655.814407
33.316011,74,12665.562517
25.791562,51,12672.248519
107.57254,230,12702.861789
140.748993,300,12742.586747
36.679694,75,12754.750301
142.119836,300,12795.634007
121.564479,257,12829.425713
141.644065,300,12869.158208
58.769672,125,12885.712219
7.740016,13,12887.420877
137.921063,300,12927.082431
9.797909,20,12929.615587
145.257419,300,12969.028705
19.403191,42,12974.443753
143.978936,300,13014.171378
141.841467,300,13055.867445
140.268966,300,13095.358536
107.974202,212,13123.593827
70.614543,140,13142.085998
141.302757,300,13182.013174
159.970863,300,13220.992122
86.889189,175,13244.443726
41.962036,86,13256.021695
31.218411,62,13264.269176
136.315495,265,13302.024671
105.284278,221,13331.432527
61.099653,118,13347.230873
154.215866,300,13387.136978
60.00535,124,13403.452774
75.4165,150,13423.433684
131.940688,287,13461.512089
146.3705,295,13501.675739
87.5832,182,13525.699932
30.651111,42,13531.271952
38.206712,79,13541.554079
88.85015,169,13563.803925
55.437981,96,13578.280234
51.27524,104,13957.643165
151.19252,300,13997.267818
66.034558,141,14016.325177
144.771447,300,14055.672116
153.526918,300,14095.304372
36.787474,82,14106.251361
49.415993,104,14119.983627
9.631903,20,14122.598889
77.37932,164,14144.044521
104.006944,210,14171.854986
35.060622,75,14181.720463
147.480279,300,14223.865749
149.521647,300,14263.927141
145.08955,300,14304.106964
146.24789,300,14344.0142
44.607517,97,14356.669587
18.237575,41,14362.214939
150.203164,300,14401.576368
12.550103,28,14405.309394
127.369603,260,14439.838415
140.390868,300,14479.916715
141.78697,300,14521.377808
11.368038,23,14524.526987
14.351991,30,14528.662859
31.927522,61,14536.659427
34.238961,69,14545.859943
19.186263,40,14551.098552
140.260004,300,14590.702531
38.075214,63,14599.068062
120.690665,254,14632.882433
145.150957,300,14672.458745
8.818402,13,14674.175371
20.988555,40,14679.329127
144.17828,300,14719.155756
66.661113,142,14738.383927
36.185165,69,14747.416056
18.195791,35,14752.065305
137.332946,300,14794.009973
87.17235,173,14816.939935
145.175876,300,14856.252166
138.893784,300,14896.413227
25.166759,47,14902.645785
57.329844,111,14917.119561
105.346347,216,14945.178771
142.083897,300,14985.023133
82.069369,178,15008.432819
83.371934,180,15034.898336
156.421562,300,15075.441213
147.053085,300,15115.297614
150.178699,300,15154.716259
29.533468,44,15160.530293
153.600375,300,15200.025411
71.230983,127,15216.674931
30.453302,66,15225.540647
65.717245,139,15243.936435
30.453371,60,15252.051978
142.060488,300,15291.747118
85.789879,136,15312.13663
138.593124,300,15353.392172
7.705762,15,15355.42237
97.707961,208,15383.985814
110.88612,246,15417.781455
138.092723,300,15458.627867
49.085284,100,15471.927302
42.725497,79,15482.230808
8.501961,13,15484.025273
117.152957,255,15517.603903
65.901966,148,15537.132056
84.676146,154,15557.363712
150.912158,300,15599.359663
36.035185,77,15609.589972
9.709784,14,15611.409534
25.983814,55,15618.792879
120.613533,267,15654.301002
10.943207,24,15657.450639
31.965696,65,15666.168002
155.338033,300,15705.813192
143.339131,300,15745.439747
137.099629,300,15784.684513
156.279141,300,15824.012925
137.139428,300,15865.843336
43.797784,97,15878.589425
46.786508,104,15892.520876
139.778135,300,15932.402265
35.532119,77,15942.405267
25.2429,55,15949.713745
138.816343,300,15989.26533
105.985465,229,16018.988256
8.41404,16,16021.125904
137.400659,300,16061.34719
138.023816,300,16101.72432
12.091582,27,16105.227233
139.819432,300,16145.740414
139.071231,300,16184.002368
140.83249,300,16221.837486
59.219873,123,16237.927161
26.076993,58,16245.21863
8.972151,19,16247.67048
26.368991,52,16254.410653
29.94038,61,16262.325829
69.380449,147,16281.372085
123.709492,262,16314.850639
74.228521,156,16335.181443
20.020567,40,16340.298166
64.463097,133,16357.438762
86.666089,179,16380.91079
142.842895,300,16421.727491
135.137199,300,16461.223053
135.707926,300,16499.794435
155.489764,300,16538.723616
107.439429,237,16568.954412
25.548278,32,16573.179273
139.317061,300,16611.082364
169.382024,300,16942.985341
24.351061,50,16949.787445
32.498469,59,16959.741702
61.58927,70,16968.836616
15.449953,32,16973.219984
140.515224,300,17012.514174
35.750345,76,17022.527727
37.304562,82,17033.576373
34.592118,77,17043.774958
144.453578,300,17083.270085
17.464822,39,17088.471326
137.290039,300,17127.769397
142.886617,300,17167.81931
138.433107,300,17207.291587
146.002161,300,17249.518376
139.401307,300,17289.451857
66.840016,147,17308.824989
136.029811,300,17347.939491
135.530842,300,17387.935424
38.224931,83,17399.082213
137.807019,300,17439.276238
58.040884,123,17455.696959
17.048894,33,17460.09545
134.232301,300,17499.742499
143.079019,300,17540.740844
137.172307,300,17580.769117
136.64017,294,17619.486808
145.525505,300,17658.996354
134.934137,300,17698.81121
32.996681,42,17704.383531
7.952057,17,17706.600131
145.822993,300,17746.732165
142.972303,300,17788.39545
87.558568,186,17813.140819
44.526086,96,17825.774001
135.137947,300,17865.17297
136.104009,300,17904.679296
56.199874,121,17920.593857
113.05201,238,17951.480758
134.329571,300,17991.153603
137.631277,300,18031.062018
9.668437,21,18033.951096
141.067653,300,18075.844852
23.562415,52,18082.850415
133.979627,300,18122.541923
141.08181,300,18162.256528
77.42834,171,18184.916717
138.645575,300,18224.245969
58.720959,127,18240.830181
134.451288,300,18280.306824
88.765513,196,18306.258385
136.104216,300,18348.382958
118.357625,265,18383.640708
104.47333,234,18414.611341
135.342199,300,18454.988487
134.687026,300,18494.446454
136.040107,300,18535.81552
15.132366,33,18540.129546
134.576424,300,18579.877977
135.706947,300,18620.956305
50.79053,104,18634.603138
26.79914,57,18642.152218
33.5267,72,18651.817994
143.075834,300,18691.084647
26.804566,58,18698.882868
136.407289,300,18738.792124
56.923175,110,18753.243073
137.653134,300,18793.535907
136.387325,300,18834.884322
134.568413,300,18877.744339
137.328917,300,18918.177566
156.37201,300,18959.043025
129.630912,288,18998.348469
149.377428,300,19038.346259
26.330173,57,19046.076663
145.061062,300,19085.7892
17.422465,39,19091.097558
9.238918,20,19093.79908
137.310029,300,19133.324749
138.762219,300,19175.265274
32.574711,72,19184.914306
137.160774,300,19224.64351
134.998944,300,19264.820572
136.660164,300,19304.349824
7.451569,16,19306.518186
136.455972,300,19347.184544
134.790591,300,19386.761958
111.866433,251,19422.004419
137.470304,300,19461.420804
81.374618,172,19483.899678
91.085796,204,19510.69483
106.897938,227,19540.8602
22.829108,50,19547.662119
138.832958,300,19946.570323
134.050463,300,19986.531351
7.312226,9,19987.680434
153.62586,300,20027.757503
141.536311,300,20069.41974
144.565815,300,20108.765673
150.200143,300,20148.728188
41.557933,92,20161.478773
133.835062,300,20200.674813
139.797339,300,20241.318044
15.598033,31,20245.421012
66.553883,136,20263.099574
5.478129,12,20264.740201
101.719015,220,20294.043701
136.198549,300,20336.57519
139.652605,300,20376.256476
138.083619,300,20416.203404
114.934381,236,20447.93039
25.582456,55,20455.629648
140.878118,300,20497.108654
144.681862,300,20536.75734
8.301305,16,20538.889513
135.230964,300,20578.583288
136.99605,300,20619.662415
139.477352,300,20658.818769
140.86997,300,20698.15286
97.890672,220,20727.736575
140.060664,300,20767.830135
135.229875,300,20807.742826
12.843927,27,20811.183621
137.764958,300,20851.190116
56.063554,123,20867.355187
121.433166,269,20904.90092
135.101216,300,20944.144122
137.155411,285,20982.00658
53.580601,117,20997.987587
9.423319,18,21000.475169
143.79429,300,21039.947332
45.021045,84,21051.083052
16.894681,37,21055.930173
134.464635,300,21096.325013
137.394229,300,21136.084504
25.446514,51,21142.721859
137.134219,300,21184.398925
90.713854,165,21206.364867
141.473718,300,21246.255498
41.144223,90,21258.256394
139.463649,300,21298.315997
111.33279,237,21329.662555
137.39485,300,21369.507241
84.908554,178,21392.970767
137.884691,300,21435.115901
135.592384,300,21475.653943
138.536549,300,21516.938981
137.242389,300,21556.466809
59.26071,129,21573.490822
133.945845,300,21613.022392
30.084642,67,21621.760081
24.573234,51,21628.545287
156.414334,300,21667.90467
137.290567,300,21709.77017
135.271979,300,21749.518742
136.347264,300,21789.07468
136.485772,300,21828.065825
46.55409,102,21841.397532
137.15268,300,21881.109576
138.694938,300,21920.74199
139.093704,300,21961.56057
138.381066,300,22003.527097
138.142042,300,22043.20245
22.111054,47,22049.337934
53.078207,118,22064.856344
141.393805,300,22105.159068
115.390395,255,22138.51398
123.972847,272,22174.074002
28.506416,61,22182.108867
78.115713,170,22204.318323
135.84462,300,22246.250469
137.831537,300,22285.824753
141.456174,300,22325.219607
16.177544,33,22329.623291
86.545511,191,22354.786624
152.133599,300,22394.262907
27.708396,52,22401.040446
141.790399,300,22440.421705
15.707381,33,22444.837921
145.290883,300,22483.833063
39.236892,85,22495.01857
136.277195,300,22536.926337
54.761162,108,22551.326275
140.75996,300,22591.153185
137.112014,283,23001.584173
128.063971,271,23036.871407
137.594246,300,23076.143422
143.351354,300,23115.153136
142.443814,300,23155.273303
15.998129,29,23159.130988
97.822031,219,23190.22697
14.084599,31,23194.278516
14.633496,27,23197.845434
8.136908,17,23199.975838
102.309475,221,23229.207875
9.118187,18,23231.579515
22.065736,48,23237.954397
144.466171,300,23277.032713
57.782915,122,23293.064002
139.582378,300,23332.444327
44.592769,96,23345.364696
87.107471,176,23368.836424
138.052247,300,23408.699501
137.152322,300,23450.310721
131.778905,250,23483.639923
138.290013,300,23522.686598
141.217099,300,23561.934322
125.233205,265,23596.646394
74.811455,145,23615.525166
55.967563,110,23629.975609
139.399219,300,23670.070375
137.108257,300,23711.937636
138.533692,300,23751.855984
24.060043,48,23758.241585
137.441615,300,23797.813142
66.975523,143,23816.733259
10.838563,15,23818.782983
36.851287,78,23828.914688
137.291324,300,23867.993322
36.945871,82,23878.958708
8.404716,18,23881.472944
132.198896,285,23919.020117
155.0681,300,23958.465373
13.403385,28,23962.179415
139.241535,300,24003.899378
28.931004,63,24012.185606
136.979776,290,24050.336861
53.310821,113,24065.249701
46.306615,103,24078.714811
42.487432,79,24089.129508
141.903018,300,24129.327501
27.00795,58,24136.81742
137.059756,300,24176.360236
144.835227,300,24215.434916
62.927171,137,24233.261874
137.007926,300,24275.241882
29.559521,57,24282.858845
6.180348,13,24284.628791
7.485222,15,24286.604597
50.039783,109,24302.107218
7.559584,16,24304.224957
143.631248,300,24344.463923
16.635454,36,24349.252707
33.055375,67,24358.319433
49.642268,99,24371.611132
14.615992,32,24375.794011
52.369532,96,24388.625742
71.0944,155,24409.243592
84.058484,184,24433.566098
22.576811,50,24439.970961
137.618048,300,24479.949225
136.741667,300,24519.344967
140.271495,300,24562.553656
136.027719,300,24603.119302
5.803676,11,24604.55216
137.645017,300,24645.195082
145.863967,300,24685.304634
12.945153,25,24688.687755
136.767931,300,24728.249332
140.695959,300,24767.895667
134.426148,300,24809.816284
139.65287,300,24848.902457
142.169343,300,24888.818741
132.316349,283,24926.628088
106.86609,235,24957.623805
136.375714,300,24996.666863
144.421576,300,25035.347873
36.56625,65,25043.846123
138.555708,300,25085.395253
136.599093,300,25124.138606
137.85898,300,25163.071959
85.254134,190,25187.827569
102.171249,229,25218.287789
78.978512,169,25241.090804
137.952867,300,25281.805239
140.536482,300,25322.925386
144.733446,300,25365.551956
5.969596,13,25367.327422
125.905011,275,25404.18571
11.023588,24,25407.463167
138.632179,300,25448.982856
148.034017,300,25490.006658
36.541979,77,25500.548337
142.129888,300,25540.860499
79.666937,178,25565.049119
8.841326,19,25567.643983
120.187474,255,25603.179336
130.928675,285,25644.569556
136.31451,300,26024.959436
56.120159,123,26041.664421
11.39161,24,26044.923517
22.617018,47,26051.2985
29.151208,64,26059.961501
137.692966,300,26099.286929
104.985339,221,26126.888772
143.243423,300,26166.96194
139.287476,300,26206.807313
37.679456,84,26217.918339
138.242003,300,26262.167243
25.053073,56,26269.678805
135.08865,300,26308.892664
136.763284,300,26348.618364
143.097731,300,26388.246553
120.713774,266,26423.725616
89.630447,194,26448.992883
138.882517,300,26489.068558
8.588885,18,26491.402171
140.009596,300,26531.947144
7.097321,9,26533.195038
91.408399,196,26557.808652
52.669359,115,26572.588656
139.709174,300,26612.901739
146.978688,300,26652.363764
96.004046,211,26678.862406
138.128176,300,26738.51518
139.807082,300,26786.861677
7.194168,15,26788.712586
136.574714,300,26828.540896
19.570274,43,26834.02352
11.839204,24,26837.074635
61.215115,129,26853.421245
137.922338,300,26892.568919
144.462579,300,26931.111228
64.485561,132,26947.792634
149.12658,300,26985.98777
17.723004,38,26990.912339
14.083968,29,26994.680088
151.638284,300,27033.598455
25.408481,56,27040.914025
46.188315,91,27052.414045
145.018787,300,27093.907544
145.73079,300,27132.713202
19.650439,41,27137.918452
63.430986,135,27155.299752
142.392121,300,27193.119828
143.489858,300,27231.27348
133.968132,291,27268.336883
148.595103,300,27306.19904
141.716022,300,27346.87942
140.112716,300,27385.939882
150.520697,300,27424.555645
146.944752,300,27462.394287
67.081591,143,27480.675129
150.714975,300,27518.938595
141.7895,300,27557.463988
136.17865,289,27593.710942
57.46821,116,27610.508879
93.141117,205,27636.90548
47.378922,89,27648.1893
137.464574,300,27686.900712
152.471502,300,27725.394264
59.523826,120,27740.527439
8.357189,15,27742.477377
17.434528,39,27747.528227
142.397797,300,27786.171413
141.960288,300,27824.849946
47.850613,92,27836.466026
24.589092,55,27843.512603
146.081453,300,27883.857074
143.110102,300,27922.219331
6.315533,13,27923.874578
20.146867,39,27928.835144
110.436541,221,27957.063062
27.4251,59,27964.647331
144.303151,300,28003.241243
148.875139,300,28041.623596
156.835464,300,28080.315982
122.834039,242,28111.256851
40.773268,89,28122.445888
68.709565,139,28142.114974
74.672865,124,28158.456173
26.293633,52,28165.270719
105.49621,198,28191.200835
84.410761,152,28210.583008
52.144907,108,28224.28077
43.634991,86,28235.096365
40.05492,85,28245.811866
118.666086,219,28274.143148
24.215535,40,28279.109114
108.495496,192,28303.421188
52.082419,96,28315.469754
173.019109,300,28354.61483
23.217612,44,28360.164016
149.135681,300,28399.057633
50.801991,83,28412.240712
131.398226,272,28447.70287
153.743426,299,28485.835552
74.732708,134,28502.881813
75.471097,142,28521.547865
24.216036,52,28528.342724
44.481777,84,28539.091479
22.903978,51,28545.590682
64.569115,118,28560.527506
108.036388,183,28584.252399
96.879114,206,28610.435317
85.25894,170,28632.179811
45.06986,90,28964.138228
26.410214,53,28971.370511
48.061563,75,28981.653455
155.53437,300,29024.797216
42.522653,89,29036.878772
52.309899,70,29046.33389
8.664011,17,29048.596161
96.895566,209,29077.085896
12.596555,24,29080.293951
40.012565,83,29091.214953
139.334171,285,29128.414813
63.679636,107,29142.465313
98.688575,185,29166.856759
25.228668,37,29171.765687
160.009282,300,29211.506404
70.840065,146,29230.504134
158.76881,300,29271.832194
18.23539,28,29275.517343
9.399617,17,29277.781547
47.920988,99,29290.714964
85.724868,155,29311.254696
89.525982,183,29335.207668
160.861794,293,29374.052647
154.533421,300,29414.380811
173.261315,300,29454.057963
12.494608,20,29456.795307
5.900283,10,29458.150197
100.830723,209,29485.609948
65.940817,130,29502.933466
45.414082,91,29514.903931
66.504683,131,29532.090287
48.302013,98,29547.097511
31.198128,60,29555.096529
93.502707,186,29579.309388
61.578005,128,29596.122708
154.192246,300,29635.690677
30.511938,59,29643.518637
29.05298,57,29651.03002
156.56882,300,29691.029358
40.299762,81,29701.504003
146.808363,300,29741.638239
33.370428,65,29750.488848
22.992829,47,29756.904721
151.626958,300,29797.060386
14.534749,27,29800.615354
145.638809,300,29843.030996
49.421828,105,29856.808207
117.56664,241,29888.221055
153.020762,300,29928.502984
137.358101,243,29960.658665
151.594771,300,30000.60688
93.156134,189,30026.053654
156.149251,300,30069.100425
146.408157,300,30111.529686
150.313756,300,30150.820971
166.739466,300,30190.282296
9.978263,13,30191.986776
157.685906,300,30230.796351
80.626656,151,30250.525209
59.023674,124,30266.75637
152.784802,300,30306.120152
153.276521,300,30346.545861
165.507761,300,30388.890991
170.504552,296,30427.876447
14.557826,29,30431.773113
11.974926,24,30434.930426
148.046978,300,30474.263618
42.565887,73,30484.047174
159.889831,300,30523.709313
79.265294,149,30543.52451
97.22749,191,30568.601746
7.182708,16,30570.886832
91.70335,181,30594.315008
70.077755,135,30611.829512
19.098772,33,30616.379037
182.818834,300,30658.465793
77.205559,144,30677.706474
6.694282,9,30678.937794
7.739921,14,30680.754389
68.801458,135,30699.051826
13.50819,26,30702.468613
60.108794,114,30717.628109
122.423995,242,30749.460819
152.304065,300,30788.863711
86.761219,155,30809.104529
19.55111,40,30814.472388
66.283973,121,30830.252028
33.437941,58,30837.725883
148.864783,265,30873.249151
26.366688,48,30879.479137
64.413595,129,30896.243562
10.24145,21,30899.076502
15.906347,27,30902.694698
84.199848,132,30922.057109
80.512356,155,30942.45447
61.871168,131,30959.746174
13.26338,17,30961.935365
62.891611,125,30978.287344
13.384277,24,30981.434562
90.188811,177,31004.463146
60.367892,104,31018.11157
159.349797,300,31057.727486
32.6034,56,31065.238933
108.199326,189,31090.502251
125.166109,244,31122.350225
16.990818,35,31126.934194
61.070758,121,31143.08083
51.492848,102,31156.177469
145.887864,300,31198.838842
41.244691,83,31210.072716
97.774214,200,31237.054443
13.989708,28,31240.812263
47.259789,87,31252.183918
11.178763,22,31255.103038
53.676561,113,31270.171687
85.100303,164,31291.726975
26.569107,47,31297.959599
11.154942,14,31299.763376
14.671132,26,31303.114084
82.738917,169,31325.439234
56.855265,111,31339.924567
5.710264,9,31341.03943
5.973666,11,31342.420597
156.902516,300,31381.988641
147.863474,300,31421.571136
10.898014,23,31424.576847
159.274058,300,31466.093892
144.788963,300,31505.318454
72.80015,159,31526.182806
157.288013,300,31565.725558
50.446344,103,31579.228014
35.823939,75,31589.172779
156.027217,300,31628.518496
95.218862,194,32085.859898
26.188,48,32092.548034
161.465744,300,32138.003356
111.888946,174,32163.502583
6.92865,15,32165.499839
153.240443,300,32205.8466
144.826155,300,32245.425935
142.416279,300,32286.628641
144.665389,300,32325.884906
92.520259,191,32350.930979
116.54489,234,32381.153045
23.14746,45,32387.030034
103.536638,225,32416.340079
142.860353,300,32457.268887
17.168847,26,32460.638837
156.136087,300,32499.840503
159.89329,300,32539.284045
34.037663,48,32545.660733
98.623559,188,32570.131506
136.92569,300,32609.831599
40.538464,87,32620.992404
8.561568,15,32622.965404
63.55098,137,32640.694681
81.288336,171,32662.935251
81.511357,156,32683.101871
65.39578,125,32699.680853
139.505147,300,32741.758349
144.183711,300,32781.151953
150.638405,300,32820.591727
89.438185,182,32844.408723
73.344313,146,32863.711155
141.442337,300,32902.21962
122.534548,223,32931.750667
158.475972,300,32970.920201
12.720444,22,32975.746893
66.297873,134,32993.364265
21.144897,44,32999.160502
142.848918,300,33038.358847
45.153988,95,33050.256875
103.669258,215,33078.031338
54.606945,114,33092.729653
9.49962,19,33095.12659
73.72317,138,33113.117606
153.183463,300,33152.533673
148.359575,300,33192.521338
145.799033,300,33232.589865
16.930779,28,33236.242331
89.200574,187,33263.444004
79.211937,157,33284.344471
112.097397,234,33314.594913
138.924571,300,33355.218503
141.493846,300,33394.675225
77.712236,158,33416.113421
28.661914,61,33424.112411
142.647787,300,33464.339519
149.757995,300,33503.903949
139.37348,300,33545.203527
121.705696,255,33578.114734
16.26181,34,33582.508275
99.284726,209,33610.45894
75.602894,138,33628.846666
138.368885,300,33668.490556
15.211319,31,33672.54625
64.865715,123,33688.470757
20.455171,34,33692.944027
139.50008,300,33732.647327
143.697128,300,33772.158472
137.820004,300,33814.777554
70.679048,147,33834.232951
51.921451,105,33848.043604
25.42936,52,33854.881319
136.766404,300,33894.452744
17.646883,35,33899.221173
147.698961,300,33938.958107
10.055419,21,33941.853838
143.970114,300,33981.590034
125.723989,240,34013.007919
72.819476,148,34032.421773
147.458927,300,34074.298735
46.919708,85,34085.447686
17.457052,36,34090.03556
135.652389,285,34127.656949
156.533398,300,34168.148304
147.29602,293,34206.604887
25.167299,44,34212.339522
157.22291,300,34251.616131
113.982857,236,34282.925709
97.925067,206,34309.929832
53.155306,107,34324.200723
40.549269,84,34335.101342
141.176447,300,34376.427873
156.467663,300,34415.009677
95.285155,191,34439.787781
119.438012,260,34475.819834
33.667807,71,34498.542364
66.787768,137,34538.856352
61.494878,117,34564.05552
147.203394,300,34626.453256
26.37969,52,34635.570472
156.407963,300,34687.833297
91.169098,196,34728.947196
14.773215,33,34735.851229
137.26538,300,34785.395855
134.966868,300,34833.516616
106.569685,203,35300.029299
16.181336,36,35306.059281
140.475114,300,35355.756823
11.591885,25,35359.816416
140.036585,300,35404.35146
144.261319,300,35446.085984
115.034155,247,35482.729126
148.883903,300,35526.255241
105.13008,219,35556.668455
10.081418,20,35559.320823
146.716607,300,35601.231912
42.139671,85,35614.476364
5.565243,12,35616.144195
111.071907,232,35648.858699
154.737669,300,35691.422565
149.522813,300,35735.351828
14.401249,31,35739.473162
17.596699,38,35744.458488
143.938713,300,35790.08969
140.334199,300,35834.171485
144.956822,300,35877.428388
156.545547,300,35921.226403
50.736324,112,35938.097971
141.179923,300,35983.843918
139.384942,300,36025.785317
143.122942,300,36072.121816
10.589321,23,36075.524711
66.064039,143,36096.873759
27.710304,60,36105.480847
26.034363,48,36112.533709
146.713364,300,36156.072814
142.960309,300,36199.066571
25.656069,46,36205.32746
110.614895,243,36240.828792
149.590632,300,36284.14178
151.427402,300,36328.55257
142.205741,300,36372.081339
146.404224,300,36413.84605
149.655373,300,36465.890831
151.48695,300,36506.600118
53.446503,106,36525.505858
95.821066,205,36555.594996
128.324695,279,36595.435965
7.561045,16,36598.006714
145.328116,300,36649.785534
6.217178,10,36651.462489
80.396277,158,36682.289057
142.723057,300,36726.660055
144.753311,300,36768.31286
16.904952,32,36772.802282
19.271535,38,36778.325141
43.788774,89,36790.697551
147.379155,300,36831.482249
141.390751,300,36872.911015
157.600252,300,36915.458355
144.469114,280,36956.235033
66.968251,134,36981.108298
89.357938,168,37017.915711
159.428574,300,37076.264284
105.571987,196,37117.414958
10.075421,19,37120.285755
6.225189,8,37121.599563
25.735995,54,37129.691231
91.725534,172,37155.564155
20.634586,40,37161.482286
46.104075,79,37173.482605
144.284268,300,37219.383675
15.165929,32,37224.21744
157.847962,300,37269.153246
7.616089,12,37271.085207
5.147256,11,37272.737131
90.256973,181,37310.584847
21.571088,41,37317.843545
32.647994,63,37332.547083
161.161567,300,37384.338464
20.679402,38,37389.640931
145.296208,286,37431.966061
160.93302,300,37476.650559
8.324742,18,37479.278535
31.526965,64,37488.745005
100.985603,217,37519.645434
155.950115,300,37564.130607
49.643797,102,37578.990421
74.914659,152,37600.786322
67.417003,130,37619.262248
10.563605,23,37622.574512
56.155315,93,37635.873853
148.513926,300,37680.108003
7.354913,13,37681.987239
10.140746,23,37685.223973
79.449739,159,37708.145252
100.731735,205,37738.620969
106.951662,233,37773.722093
144.834936,300,37818.809121
54.064681,108,37835.384726
148.584205,300,37880.292598
80.403878,157,37904.546694
21.755649,38,37911.014689
108.726545,214,37942.471753
88.462727,151,37967.071036
51.401759,85,37979.230139
45.109228,76,37990.42165
111.122174,219,38022.109316
25.774225,55,38029.953576
64.037428,120,38047.152144
15.778928,30,38051.492918
115.570136,229,38082.896487
14.068243,30,38087.267544
33.318684,60,38096.105304
156.040577,300,38140.880029
24.152569,46,38147.237084
7.051354,9,38148.575855
10.358532,19,38151.291261
51.651336,108,38166.513897
26.104125,55,38174.505489
163.613683,300,38217.554386
19.110779,34,38222.424729
18.615087,35,38227.484154
37.43807,78,38238.503869
144.977113,300,38283.181248
45.336052,95,38297.437682
81.380235,158,38724.353831
154.882724,300,38767.712367
17.22635,34,38772.71767
46.990799,95,38786.428118
139.552745,255,38824.614749
153.600461,300,38868.641121
143.356154,300,38914.997607
151.119671,300,38960.208821
149.632913,300,39001.257586
83.756061,156,39023.366761
76.016992,158,39045.28865
136.852092,300,39088.718318
22.198623,48,39095.572933
144.772903,289,39136.806556
130.303125,266,39174.97297
38.087681,76,39186.006454
60.76203,120,39203.697696
73.843107,139,39224.024974
134.358904,273,39273.150074
141.630247,300,39322.509978
92.665931,182,39351.76088
140.078403,300,39399.218696
147.514509,300,39443.784099
17.872473,39,39449.054518
63.832359,126,39465.875219
139.957274,300,39511.330982
141.753207,300,39554.248156
94.917638,201,39585.260532
143.889385,300,39625.625857
95.941244,199,39652.968564
66.915468,144,39672.416131
40.79709,78,39681.748124
159.610433,300,39719.386049
138.570143,300,39762.213145
144.456067,300,39804.834736
142.058791,300,39850.938115
24.109083,45,39857.542242
7.181256,15,39859.68361
27.479506,54,39867.462965
50.045603,103,39880.498481
9.807381,21,39883.222659
23.586112,46,39889.205243
62.000154,116,39904.503075
10.774437,24,39908.390444
55.967786,106,39923.567954
156.022555,300,39959.279453
144.33175,300,39996.560651
46.225057,93,40007.629339
42.118048,87,40018.122619
9.42038,21,40020.613426
139.335135,300,40057.322475
85.11809,172,40077.985492
34.498363,71,40086.763977
44.146828,92,40098.131037
33.85988,60,40105.413184
137.974101,300,40144.673178
119.992953,252,40175.304572
162.072095,300,40211.500768
78.420329,168,40232.050377
9.971224,19,40234.399122
21.316125,37,40239.051908
147.280105,300,40276.409749
33.801965,69,40284.814573
22.123687,47,40290.507071
149.139434,300,40327.283681
98.258485,151,40346.547736
38.567317,85,40357.050631
33.884445,66,40367.261908
13.703221,26,40370.665051
138.152681,300,40408.742848
138.615643,300,40446.801898
11.807724,25,40449.934773
33.882287,72,40458.871099
14.622804,30,40462.633171
18.605841,36,40467.185068
6.396642,12,40468.712651
64.56772,136,40486.046837
16.403514,35,40490.46296
25.580167,52,40497.030704
60.2383,114,40511.560333
137.79622,268,40546.789628
11.090022,20,40549.472717
37.548669,76,40559.431861
122.855883,233,40589.365751
26.05015,44,40595.003461
17.586727,36,40599.601325
139.983466,300,40640.677521
137.923714,300,40680.057601
136.727284,300,40718.419708
15.920683,31,40722.485523
88.788736,188,40747.065943
17.563945,25,40750.384388
149.554146,300,40789.745768
13.672994,26,40793.229059
12.928383,28,40796.926323
21.438222,46,40803.090334
38.12326,70,40812.483692
140.593485,297,40851.770385
136.330201,300,40891.388854
6.113238,14,40893.262302
9.097549,20,40897.989106
150.603641,300,40938.550158
82.24372,170,40961.836761
29.461129,59,40969.521059
52.414616,107,40983.731404
161.558853,300,41025.359902
14.7084,30,41029.547629
45.599407,99,41044.434869
57.557389,106,41059.974005
7.989442,13,41061.852669
32.375218,59,41069.829026
9.731602,19,41072.391434
67.088495,142,41091.190134
140.854301,300,41131.198836
117.569278,253,41164.461349
139.169953,300,41206.132587
52.386692,112,41221.037656
146.482496,300,41260.93148
136.152185,300,41301.044105
80.897804,179,41325.111835
22.512393,48,41331.2254
18.521153,39,41336.561894
145.166871,300,41376.753189
67.303148,143,41395.735092
134.39624,300,41436.144365
9.688023,21,41782.724272
8.869632,18,41785.320246
140.492811,268,41823.928267
5.421663,12,41825.511469
72.09832,154,41845.975574
138.13966,300,41886.420296
136.08105,300,41926.651259
74.258041,120,41942.863333
38.142064,82,41953.645075
38.323138,70,41962.852603
38.456359,74,41972.692721
145.270583,300,42012.871031
160.372008,300,42053.115962
139.137189,300,42096.2145
77.290104,166,42117.956524
72.324092,117,42133.739269
44.385861,65,42142.387984
155.424882,258,42177.604603
9.840055,17,42180.116764
16.699429,31,42185.220232
147.887161,300,42228.17938
81.978129,145,42248.578673
7.444108,12,42250.207908
136.682455,300,42289.919467
5.562088,12,42291.589248
85.780984,184,42316.164681
22.757184,50,42322.950572
25.97441,37,42328.018718
143.446389,300,42370.792621
155.798943,300,42411.08702
16.582833,36,42415.936938
5.478129,12,42417.555377
8.369152,17,42419.920069
114.907013,237,42452.001481
18.85504,22,42454.920398
22.768205,31,42459.06664
36.409405,66,42467.869373
135.398205,300,42507.931172
136.065058,300,42548.389065
37.228151,42,42553.927444
154.4314,300,42593.983505
135.795263,300,42636.733891
136.913721,300,42677.254011
80.847078,144,42696.60344
70.304055,124,42713.349356
8.103859,18,42715.751554
7.992213,16,42717.852573
137.467825,211,42745.995281
105.256781,205,42773.541728
33.585378,72,42783.254263
136.804918,300,42823.768727
26.826301,43,42829.618032
36.629808,66,42838.747546
13.33908,29,42842.592922
97.527274,203,42869.517268
68.906314,140,42888.229157
57.367373,109,42902.938608
140.49504,300,42945.306161
38.132027,74,42955.089318
106.309709,175,42978.381257
89.241875,178,43002.293559
49.70053,102,43015.678426
147.551321,286,43054.223066
71.972516,135,43072.554101
20.33544,34,43077.255383
71.988223,142,43096.491564
10.566909,16,43098.608049
161.361924,300,43138.916026
151.618946,300,43179.259226
142.219689,300,43222.337346
33.245632,72,43232.004694
32.593686,52,43239.15227
144.656532,237,43270.881074
158.700778,300,43312.064068
55.685724,87,43323.776754
87.26981,174,43347.186323
75.500925,129,43364.378608
15.743855,25,43367.683497
17.063076,32,43372.082933
39.692508,61,43380.234075
29.553262,48,43386.599701
55.542472,80,43401.885864
17.917277,21,43405.466629
53.791756,86,43417.56104
54.862162,68,43426.492532
11.217636,24,43429.573617
144.61701,300,43469.886244
139.073655,300,43512.401864
54.341426,90,43524.579886
137.013361,300,43565.247555
96.377807,191,43591.205539
138.582346,300,43630.719716
145.500255,300,43671.197463
13.139169,28,43674.845038
105.406504,226,43704.724489
68.167385,148,43724.934489
74.894201,151,43745.294523
161.775872,300,43787.754196
46.849141,77,43798.081463
143.83398,300,43837.876066
134.814556,300,43877.889668
145.721169,300,43918.474656
135.181904,300,43958.379857
156.650626,269,43994.325444
138.799742,300,44036.876275
41.447026,89,44049.514766
88.800877,178,44074.045033
134.766959,300,44116.255908
135.398462,300,44157.250474
13.610875,19,44159.767057
149.309588,300,44199.91504
174.127412,300,44240.008845
27.314302,53,44246.888842
117.739033,228,44277.502111
32.261282,62,44285.801202
136.535131,300,44328.279128
139.317077,300,44369.307343
135.842143,300,44410.018936
135.404129,300,44449.863881
135.558898,300,44490.029423
98.390538,204,44847.017695
85.660572,166,44868.721977
157.249634,281,44905.910276
141.797513,300,44948.338781
90.161786,167,44970.880086
134.046401,300,45011.443479
6.108919,13,45013.213632
55.566965,108,45027.643339
45.902233,52,45034.640047
174.032915,300,45074.885149
56.77965,114,45090.436742
133.998628,300,45131.177821
134.049948,300,45171.222749
99.03931,162,45195.372237
36.18166,78,45205.620462
163.031392,300,45246.181867
8.813936,18,45248.729682
157.456509,300,45288.024817
135.014608,300,45329.127674
146.091517,300,45371.164367
134.83508,300,45411.067933
33.032256,70,45420.574702
160.600699,300,45460.502952
144.924429,300,45502.764255
141.913091,300,45542.905744
5.442741,11,45544.379597
23.834884,51,45551.260334
47.036962,87,45562.900971
37.49371,80,45573.787347
135.863324,300,45613.837185
55.590216,82,45624.931782
168.096648,300,45664.917945
38.79485,70,45674.396723
15.591417,32,45678.677665
135.887373,300,45719.508819
40.457751,78,45730.08569
138.139271,300,45772.361985
19.08132,36,45777.079782
7.669644,17,45779.248964
77.111148,153,45799.610451
41.437896,92,45811.727126
7.037822,14,45813.57788
66.753147,136,45831.874835
134.452033,300,45872.417715
142.481745,264,45908.003854
45.986022,97,45920.895058
42.086626,93,45933.376688
54.746698,116,45949.08217
18.706325,42,45954.679257
140.317751,300,45995.202443
136.475715,300,46037.024642
14.412146,30,46040.959267
104.35279,229,46071.942521
134.172408,300,46112.570741
18.643811,24,46115.737547
38.601865,66,46124.688418
140.15636,254,46159.085721
22.507508,33,46163.440753
135.377872,300,46203.479788
61.480145,131,46220.907141
18.153788,40,46226.310558
122.550936,207,46253.969615
14.040611,30,46258.171063
120.198879,250,46291.535525
18.288174,41,46297.218218
46.97135,64,46308.426854
17.855984,40,46313.678915
166.139187,300,46353.657049
147.293783,300,46393.718731
142.962529,300,46433.717521
56.450955,99,46447.382311
137.827716,300,46487.35679
134.992774,300,46527.770661
136.898256,300,46567.998816
71.535704,152,46590.047226
140.155813,300,46629.606352
98.643278,218,46657.918708
136.197768,300,46698.342018
142.007414,300,46738.221563
134.53162,300,46778.167733
40.790893,85,46789.507019
139.45504,300,46829.426087
155.331658,300,46871.933687
150.759985,300,46912.156852
135.720829,300,46952.123107
138.5124,300,46992.245488
145.708154,300,47032.163568
18.60613,33,47036.745825
137.546965,300,47076.207466
104.347089,181,47100.097226
146.301472,300,47141.788877
139.472692,300,47182.139447
153.585528,300,47222.114439
8.185538,15,47224.119308
169.992633,300,47263.404925
149.896598,300,47303.480853
147.414966,300,47343.352692
95.025046,171,47365.812246
97.138828,214,47394.317138
9.358141,20,47396.989058
60.675426,110,47413.769078
95.16333,162,47435.305848
146.704298,300,47475.052567
15.301746,30,47478.974073
165.423183,300,47518.879889
135.845128,240,47891.310997
33.184093,54,47898.378563
17.780808,36,47903.074818
17.46718,21,47905.862143
36.151512,53,47913.132201
77.82769,142,47931.877112
90.038422,158,47953.325899
132.902977,221,47983.395726
67.168296,115,47999.432218
27.597567,60,48007.528446
11.553558,24,48010.693886
21.542175,32,48017.262507
150.869382,251,48051.15344
13.943223,30,48055.346133
141.384742,300,48096.248729
146.942904,300,48137.667742
23.890264,36,48142.527626
86.477759,156,48163.21808
149.520463,300,48203.619301
105.204925,202,48230.669346
69.43101,108,48246.41239
42.621813,67,48255.581695
19.087192,40,48261.067019
34.704244,69,48270.362981
145.157871,300,48313.05878
147.015724,300,48353.022861
155.098772,300,48392.782143
51.168669,90,48404.902395
76.716316,148,48424.46163
145.107434,300,48464.71285
139.364401,300,48504.590932
138.450463,300,48544.578217
59.500372,105,48558.564792
7.541457,15,48560.562427
92.393394,180,48586.753849
151.404395,300,48627.82951
7.958394,15,48629.758632
14.822563,33,48634.071907
146.819795,300,48674.228661
6.717766,15,48676.239588
151.949213,300,48716.306634
81.046408,142,48735.473983
156.697005,300,48775.414794
169.314292,300,48816.252252
141.452535,300,48859.159693
72.358464,135,48877.37967
20.094936,41,48882.796106
139.139405,300,48923.088305
29.493555,61,48931.336277
138.090517,300,48971.907851
38.681666,86,48983.344184
137.687089,300,49023.744974
135.79251,300,49064.247635
145.229985,300,49104.322319
75.175178,163,49126.180536
159.167161,300,49168.639767
5.063573,10,49170.094297
88.080802,161,49191.72479
15.525409,30,49195.604732
84.304437,158,49217.14298
29.709534,62,49225.410213
153.754552,300,49266.369855
136.435221,297,49305.965615
34.883855,62,49314.207729
46.860037,100,49328.140622
135.762515,300,49368.385973
21.426447,42,49374.078624
52.175648,88,49385.766893
15.011161,31,49389.979078
9.544614,20,49392.673944
136.671232,300,49434.999282
142.111967,300,49475.172122
135.246413,300,49515.772564
13.084381,28,49519.493933
143.970179,300,49559.803174
157.867535,299,49600.424626
128.788936,229,49631.299092
138.855423,300,49671.701143
64.630668,139,49692.633687
139.107125,300,49732.613109
34.159092,75,49743.001215
145.641463,300,49783.605092
141.229152,300,49824.122733
148.23622,300,49864.824975
70.845399,135,49883.160762
10.353698,23,49886.312125
155.547008,300,49926.961603
81.436999,163,49948.997939
118.878114,248,49985.203032
