#{"t_start": 1781712201.8943045, "env_id": "highway-v0"}
r,l,t
0.444444,2,2.067009
0.0,1,2.181392
0.638054,2,2.382388
1.610451,4,2.750526
0.698667,2,2.947284
3.602644,7,3.564281
0.0,1,3.666248
2.853673,6,4.200063
0.762701,2,4.404482
3.211463,7,5.018545
1.852217,4,5.380571
1.629729,4,5.766409
3.578532,7,6.416703
4.890393,8,7.142534
7.207264,12,8.20892
2.236889,5,8.663881
0.472873,2,8.872687
2.544897,5,9.331102
0.0,1,9.444589
2.312409,5,9.894033
2.302583,5,10.38592
3.260806,7,11.04098
1.08976,3,11.323892
2.448437,5,11.780858
0.888889,3,12.06472
1.333333,4,12.471317
3.93934,7,13.081547
0.594082,2,13.263101
1.193526,3,13.545357
0.613234,2,13.745132
2.087203,5,14.196425
6.153218,11,15.147088
3.090281,6,15.694579
1.155228,3,15.980767
2.969401,7,16.565041
0.444444,2,16.747211
1.554058,4,17.113494
1.870502,4,17.474894
2.106182,4,17.846021
6.199569,12,18.863258
3.19432,6,19.39699
0.560219,2,19.585798
0.0,1,19.680222
1.539127,4,20.05103
3.8058,7,20.662001
1.591791,4,21.042222
5.399676,10,21.900386
0.600117,2,22.094336
1.15295,3,22.363724
1.306784,3,22.628737
5.506396,10,23.503438
2.561899,5,23.93665
0.444444,2,24.128601
1.978937,5,24.561808
0.62079,2,24.745292
1.61887,4,25.111828
2.49479,6,25.64501
4.853413,10,26.511608
1.120362,3,26.801876
12.932262,22,28.661275
7.751763,14,29.877762
1.007462,3,30.144402
0.664497,2,30.344451
6.754735,10,31.229594
1.346577,3,31.510992
1.333333,4,31.862979
1.599681,4,32.210792
0.0,1,32.310806
3.574183,6,32.862973
2.406343,5,33.310733
0.0,1,33.427372
0.0,1,33.527508
3.188106,6,34.079548
0.888889,3,34.343881
1.394544,3,34.612606
1.374598,3,34.897882
1.144584,3,35.160393
4.858652,9,35.943691
0.719221,2,36.143819
0.0,1,36.243625
1.883527,5,36.704858
1.513553,4,37.067324
1.065658,3,37.343508
2.103599,5,37.77674
3.105246,6,38.326711
1.95255,5,38.777282
2.707291,6,39.309921
0.633871,2,39.509902
3.410487,6,40.02819
0.0,1,40.129093
0.444444,2,40.326551
5.207874,9,41.100869
0.444444,2,41.309677
8.283483,14,42.560708
2.599828,5,43.042741
2.241907,5,43.508689
2.799018,6,44.059267
5.073796,8,44.759174
0.444444,2,44.959215
1.333333,4,45.325409
4.123515,8,46.04231
0.986262,3,46.325757
3.430107,6,46.902178
0.888889,3,47.175514
0.444444,2,47.358874
0.444444,2,47.5622
2.637865,6,48.125441
3.506967,7,48.758647
5.481991,10,49.695271
2.16418,5,50.158462
3.083606,6,50.706823
2.542046,5,51.17569
0.0,1,51.278905
15.490834,27,53.608051
0.0,1,53.710051
0.444444,2,53.891339
1.96694,5,54.362257
1.117796,3,54.657816
0.0,1,54.75794
8.518032,17,56.241092
1.529066,4,56.607605
3.37611,7,57.224375
2.163191,5,57.683018
3.799296,7,58.307477
3.777265,7,58.939461
0.967508,3,59.207323
4.19494,7,59.840724
0.489155,2,60.023956
6.335932,11,60.990697
0.999742,3,61.257017
3.923865,7,61.886477
6.654651,12,62.923177
3.292324,6,63.456457
2.666371,6,63.992669
4.189935,8,64.690059
0.965743,3,64.97923
2.707569,6,65.523263
2.803281,6,66.039804
5.770892,10,66.90635
0.667849,2,67.093863
2.869241,6,67.639533
1.104162,3,67.908215
3.267404,7,68.523134
2.44294,5,68.976607
2.959448,6,69.489376
1.113757,3,69.755984
5.127365,8,70.455879
0.0,1,70.575432
3.29234,7,71.189157
0.630268,2,71.3559
7.929815,15,72.655567
3.0481,5,73.088961
2.860255,6,73.622118
0.480319,2,73.811316
2.073721,5,74.25547
2.523523,6,74.788707
3.026578,6,75.338676
5.293943,10,76.188488
6.5757,12,77.204914
5.812951,11,78.154969
0.0,1,78.269479
2.082342,5,78.704784
3.225148,6,79.23806
0.444444,2,79.423379
0.0,1,79.531086
3.949937,7,80.138002
1.665082,4,80.504485
2.307064,5,80.940008
1.301946,3,81.240146
6.609769,12,82.254282
0.0,1,82.354263
4.101511,8,83.056385
1.048474,3,83.354124
1.089504,3,83.637482
5.505539,10,84.504078
0.890858,3,84.773078
7.38476,11,85.753939
5.244597,10,86.591294
0.679921,2,86.778127
0.0,1,86.887126
10.186044,17,88.336854
0.55505,2,88.520254
1.954479,5,88.968033
1.070606,3,89.253372
2.509798,6,89.788793
3.231568,6,90.320054
0.936735,3,90.603373
3.461735,7,91.219793
1.004276,3,91.51978
0.888889,3,91.786749
2.532494,5,92.221755
3.836542,7,92.835881
0.0,1,92.93611
1.746378,4,93.302987
1.053826,3,93.569169
0.0,1,93.652817
0.626567,2,93.852859
0.444444,2,94.036153
2.93256,5,94.485991
0.0,1,94.586
1.118408,3,94.870021
2.729605,6,95.402583
6.916253,14,96.585846
1.409996,3,96.85242
7.263293,14,98.035729
3.443659,6,98.584238
0.0,1,98.687594
5.219357,10,99.543193
2.232201,5,99.987498
3.487789,7,100.607681
1.522568,4,100.951953
5.20457,10,101.849126
0.888889,3,102.170909
2.127019,5,102.668399
0.888889,3,102.955973
0.45117,2,103.151634
8.696112,14,104.384779
1.075132,3,104.684752
3.043798,6,105.218024
1.624581,4,105.584745
6.105266,11,106.551294
3.262574,7,107.184564
0.444444,2,107.38578
3.569709,7,108.000919
3.470572,7,108.651009
1.059517,3,108.936064
4.731066,8,109.650751
5.482637,11,110.600658
1.850949,4,110.983877
0.0,1,111.083874
1.06801,3,111.369367
0.0,1,111.484534
0.725261,2,111.66722
6.172737,10,112.500348
3.823352,7,113.117023
0.691142,2,113.300406
1.03931,3,113.583751
1.561588,4,113.934386
1.111712,3,114.183521
5.454208,9,114.936953
0.730601,2,115.134269
7.149525,13,116.247142
1.998494,4,116.599975
2.531106,6,117.129568
0.524391,2,117.319944
2.845191,6,117.852952
1.172319,3,118.131614
4.675198,9,118.916348
1.988125,5,119.417509
0.888889,3,119.699427
1.036514,3,119.966199
2.828891,6,120.499423
1.49723,4,120.852507
1.59001,4,121.216053
0.0,1,121.315957
4.463748,10,122.182536
0.89005,3,122.465719
2.145427,5,122.898993
6.743126,12,123.939772
2.146258,5,124.368049
9.408866,17,125.853106
0.888889,3,126.126141
4.484531,9,126.898721
4.468365,9,127.665052
0.609387,2,127.848452
0.444444,2,128.031808
0.444444,2,128.215044
1.333333,4,128.598447
4.452753,8,129.281624
7.286713,13,130.414754
2.252892,4,130.764886
0.0,1,130.866981
0.0,1,130.981295
3.494552,7,131.581272
5.328526,8,132.275064
2.247932,5,132.731048
0.444444,2,132.914415
1.576821,4,133.264367
1.347363,3,133.547759
2.224457,5,133.997574
0.714223,2,134.180896
0.0,1,134.266663
2.055841,5,134.73288
2.000179,5,135.182771
1.851968,4,135.549584
0.444444,2,135.747465
0.517819,2,135.930657
5.186963,9,136.733369
5.957946,10,137.597157
0.60212,2,137.805223
6.071991,12,138.820194
1.579863,4,139.182395
0.745998,2,139.380255
3.521867,7,140.013489
1.389599,4,140.380243
0.581382,2,140.580052
0.734183,2,140.765465
3.517721,7,141.379937
3.688913,8,142.065634
1.021053,3,142.329855
4.315987,7,142.946465
1.333333,4,143.31301
2.171401,5,143.763032
2.050739,5,144.196285
0.700752,2,144.379625
3.397548,7,144.996264
3.034467,7,145.616121
1.074195,3,145.898057
3.01433,6,146.412693
1.564527,4,146.7815
0.0,1,146.879329
1.459535,4,147.229295
3.002251,7,147.848172
3.597729,6,148.3624
0.444444,2,148.547765
3.058759,6,149.078923
2.962299,6,149.607446
0.444444,2,149.798246
1.993084,4,150.14541
4.121501,8,150.847071
0.888889,3,151.112063
0.888889,3,151.395052
0.44521,2,151.562121
4.321143,7,152.178573
4.796589,9,152.980891
6.326038,11,153.911757
2.216609,5,154.361614
0.444444,2,154.54514
0.0,1,154.661415
3.096419,6,155.178278
5.997785,11,156.101714
0.0,1,156.204929
3.847864,8,156.927567
1.061715,3,157.197525
6.37439,11,158.128441
1.279097,3,158.397355
2.842592,6,158.943253
2.092823,5,159.377747
3.493698,7,159.977636
3.383607,6,160.515774
1.580241,4,160.880064
1.470152,4,161.227498
1.847504,4,161.577514
2.218169,5,162.010761
2.820133,6,162.527179
5.496922,11,163.477117
1.691585,4,163.860403
1.962197,4,164.210583
0.943135,3,164.476949
0.902918,3,164.743755
3.372887,7,165.360287
7.889753,14,166.543529
3.5646,7,167.160007
0.888889,3,167.426756
1.085358,3,167.709953
1.821697,4,168.059946
3.082738,7,168.676534
0.0,1,168.778418
1.600912,4,169.143002
1.422267,3,169.409687
1.531146,4,169.791685
1.333333,4,170.142989
2.291031,5,170.602691
5.370948,9,171.391428
0.69006,2,171.576201
2.530947,5,172.024803
1.208502,3,172.277972
2.773871,5,172.725981
0.0,1,172.832583
1.048144,3,173.07585
6.734792,14,174.259049
0.888889,3,174.542409
0.888889,3,174.809114
2.28589,5,175.242221
2.962014,6,175.79424
2.842564,6,176.308862
6.701216,14,177.495998
4.241849,8,178.186992
0.444444,2,178.35861
8.644507,16,179.71053
1.009337,3,179.993998
1.333333,4,180.358261
2.071574,5,180.807058
0.0,1,180.894386
2.082911,5,181.358065
1.333333,4,181.708004
6.795219,12,182.741431
2.408877,5,183.183366
1.071346,3,183.478446
0.9425,3,183.743159
3.339361,7,184.387282
0.993751,3,184.657745
5.315286,9,185.42431
2.010409,5,185.882199
5.252054,9,186.642789
4.167569,7,187.307467
1.081552,3,187.640711
2.43275,5,188.090701
2.739072,6,188.607249
2.956154,6,189.140521
5.737762,10,190.007116
2.209391,5,190.477818
0.444444,2,190.659223
3.830964,8,191.379387
0.667386,2,191.556772
4.967333,9,192.340005
0.888889,3,192.606782
0.699575,2,192.792253
2.04771,5,193.239897
2.559658,5,193.691906
4.536162,8,194.38501
8.054206,16,195.754833
4.068312,8,196.441843
0.444444,2,196.639577
4.171658,8,197.334253
2.052953,5,197.782462
1.724898,4,198.139193
1.333333,4,198.507254
0.0,1,198.605893
0.523776,2,198.785377
0.0,1,198.888945
0.0,1,198.987348
5.332627,11,199.922471
0.444444,2,200.105645
5.362793,9,200.905541
0.0,1,201.005593
0.0,1,201.105566
1.890756,4,201.472166
1.557837,4,201.83889
0.608533,2,202.038818
1.333333,4,202.388809
1.298272,3,202.672093
4.616272,8,203.371948
0.492428,2,203.555223
0.0,1,203.655288
1.19383,3,203.942689
9.210876,16,205.304967
1.090574,3,205.556194
1.014828,3,205.838308
1.05769,3,206.109912
6.198003,12,207.140237
1.096373,3,207.421489
0.941942,3,207.704715
1.466089,4,208.054656
0.667196,2,208.254597
1.246233,3,208.524337
2.153156,5,208.971273
0.0,1,209.073275
0.516271,2,209.273542
9.860769,15,210.556792
2.339084,5,211.004174
0.494253,2,211.205881
1.144482,3,211.487592
3.948066,7,212.087417
1.517199,4,212.454169
0.589977,2,212.637397
0.610246,2,212.820338
3.713437,7,213.439289
0.0,1,213.537244
4.922519,9,214.369527
3.07562,6,214.903902
1.620977,4,215.255883
0.553234,2,215.437023
2.144429,4,215.805707
0.940628,3,216.087087
0.0,1,216.186916
0.607891,2,216.387017
1.147453,3,216.63684
2.176568,5,217.103552
2.084821,5,217.55353
1.333333,4,217.905299
1.022111,3,218.18661
4.040125,7,218.803265
1.624581,4,219.153265
6.008302,11,220.119794
1.333333,4,220.469829
5.14815,9,221.274855
2.907258,6,221.803093
0.0,1,221.902783
0.0,1,222.002764
4.573756,9,222.786081
3.775192,7,223.402275
1.981472,4,223.752739
0.444444,2,223.936334
5.135111,9,224.719143
0.546448,2,224.918751
1.90922,5,225.352406
0.475289,2,225.571156
1.541147,4,225.947542
1.19202,3,226.221053
5.949253,12,227.236356
2.050981,4,227.585527
6.77153,11,228.550199
1.725226,4,228.885417
0.457519,2,229.068606
0.0,1,229.151968
0.480273,2,229.350098
2.469218,5,229.787521
0.0,1,229.88837
3.853615,8,230.589149
0.0,1,230.698772
0.444444,2,230.885163
1.78251,4,231.251647
3.552828,7,231.851559
3.156824,6,232.387157
1.391474,3,232.651515
4.52183,8,233.351404
3.981968,7,233.946434
0.594835,2,234.118131
3.921536,8,234.817793
3.297076,7,235.442276
0.0,1,235.546252
1.005393,3,235.820051
4.818454,10,236.68426
1.976214,5,237.136128
1.020999,3,237.417619
0.0,1,237.517317
3.548614,6,238.036966
0.0,1,238.134979
1.308763,3,238.400705
2.490966,6,238.917278
4.44321,9,239.71736
0.0,1,239.80325
1.341504,4,240.167234
0.756729,2,240.367136
1.620266,4,240.734735
4.355047,8,241.442527
1.551108,4,241.78362
0.0,1,241.900379
1.417397,4,242.26533
2.858663,5,242.700144
2.805264,6,243.266807
2.855968,6,243.800099
1.388421,4,244.164808
3.97243,7,244.766635
0.572159,2,244.950105
3.729793,7,245.570863
3.444325,6,246.10206
0.444444,2,246.287921
2.368814,5,246.736972
5.321718,8,247.436743
5.606051,11,248.381545
0.0,1,248.481303
1.144348,3,248.749533
0.444444,2,248.946507
1.347124,4,249.31092
0.0,1,249.416108
2.045137,5,249.866002
2.429913,5,250.31599
3.346784,7,250.935793
3.057876,6,251.45498
0.631209,2,251.632352
4.13803,8,252.416372
0.744563,2,252.601267
1.566195,4,252.982154
1.596253,3,253.298846
1.969664,5,253.870455
1.998047,5,254.519424
0.0,1,254.667163
1.244755,3,255.11545
5.481986,10,256.435869
1.01439,3,256.803186
0.72436,2,257.084253
1.173843,3,257.476598
0.0,1,257.614974
2.791057,6,258.381695
0.0,1,258.516192
1.995977,4,259.014767
3.770127,8,260.018309
3.107539,7,260.947923
0.888889,3,261.364414
3.859234,8,262.247702
0.444444,2,262.566262
5.671208,9,263.630854
1.972754,4,264.183529
2.25419,5,264.797385
0.634833,2,265.047365
2.613056,6,265.812582
0.444444,2,266.063845
1.108151,3,266.434749
2.449401,5,267.097089
1.378607,3,267.480422
1.426506,3,267.869262
1.53132,4,268.346972
1.158129,3,268.713624
0.444444,2,268.963665
0.69155,2,269.230112
0.0,1,269.397103
0.725442,2,269.664858
8.142802,15,271.134189
1.165844,3,271.46317
1.961471,5,271.96186
3.477256,7,272.665521
5.255172,11,273.72947
8.101583,15,275.196184
0.0,1,275.312762
1.397381,3,275.645819
1.384043,4,276.062582
1.689923,4,276.48106
3.496405,7,277.161263
1.595907,4,277.562231
2.11369,5,278.08362
6.033739,11,279.162028
0.589187,2,279.394972
1.123946,3,279.706657
1.315571,3,280.030176
1.047283,3,280.345394
3.491729,7,281.043796
2.899693,6,281.645039
1.81651,4,282.028332
10.894106,19,283.928136
0.615147,2,284.145282
2.426318,5,284.713902
3.280067,7,285.511296
1.333333,4,285.94655
0.0,1,286.099126
2.551716,6,286.763705
2.983139,6,287.417179
1.950381,4,287.827663
3.406545,6,288.451281
3.234571,7,289.210372
5.133171,9,290.161011
0.444444,2,290.397985
2.381597,5,290.944082
2.112541,5,291.508089
1.711523,4,291.954644
1.777778,5,292.510548
0.633444,2,292.727103
0.888889,3,293.081488
1.167532,3,293.419443
6.582097,10,294.460015
0.684721,2,294.676744
0.0,1,294.803081
1.946682,5,295.359998
2.116047,5,295.910096
0.602171,2,296.128119
6.503284,12,297.445156
1.786682,4,297.937933
0.910438,3,298.312118
3.529045,7,299.146483
5.38488,12,300.603734
0.52911,2,300.841235
3.966,8,301.723815
1.874132,5,302.412432
2.037624,5,303.028421
1.070132,3,303.442518
1.149617,3,303.792481
2.575039,6,304.476398
1.121572,3,304.82562
1.242144,3,305.158732
1.770345,4,305.669076
1.35407,3,306.058679
5.318883,11,307.208544
0.61342,2,307.479907
4.89014,10,308.688524
2.686755,6,309.341682
3.878735,7,310.16086
0.0,1,310.279705
1.590273,4,310.728583
4.34453,9,311.659445
4.406743,8,312.457771
6.072286,11,313.560045
0.0,1,313.679309
2.939355,6,314.357521
1.902556,4,314.833334
5.474157,11,315.994579
0.699651,2,316.210759
0.888889,3,316.540664
1.931736,4,316.978898
3.828202,8,317.912766
5.447406,11,319.050908
1.327456,3,319.390254
0.444444,2,319.656954
2.746075,5,320.24719
2.010793,5,320.806283
1.672222,4,321.240027
2.617904,6,321.898372
1.333333,4,322.323278
0.929463,3,322.677896
3.858336,8,323.491099
1.868428,4,323.938537
7.545912,13,325.312228
0.0,1,325.439499
3.899128,8,326.305939
5.227252,9,327.3682
0.523215,2,327.639248
1.275193,3,328.044231
0.942356,3,328.508028
2.181357,5,329.242104
0.0,1,329.379842
6.580319,10,330.455527
2.533668,6,331.172057
6.583122,14,332.807633
2.364917,5,333.34101
4.317663,8,334.172233
1.005503,3,334.517116
3.833975,7,335.27392
1.333333,4,335.714441
0.661716,2,335.985378
1.388357,4,336.454671
2.211509,5,337.004713
1.272463,3,337.388045
1.382449,3,337.738057
4.022311,7,338.551875
1.368813,4,339.037685
1.221134,3,339.375698
2.021814,4,339.805715
1.097014,3,340.154215
0.0,1,340.271005
1.397837,4,340.720923
1.746669,4,341.17076
1.333333,4,341.681396
0.670303,2,341.920786
4.910087,9,342.865233
0.0,1,342.987266
1.843431,4,343.453783
0.719798,2,343.687087
0.642372,2,343.903798
1.904107,4,344.373978
1.076086,3,344.804214
1.518467,4,345.240911
0.684872,2,345.489102
1.802357,4,345.920243
2.216427,5,346.503389
1.730244,4,346.91999
2.014889,4,347.353345
1.533176,4,347.786585
5.73672,11,348.919753
5.30612,10,349.952209
1.568518,3,350.273036
0.0,1,350.386214
1.528712,4,350.819387
3.30775,6,351.436106
1.043621,3,351.752748
1.437282,4,352.18555
0.444444,2,352.4022
0.930835,3,352.719348
0.888889,3,353.054867
4.65412,8,353.852451
11.663906,18,355.650375
1.333333,4,356.052327
0.503173,2,356.268929
0.444444,2,356.504827
1.302757,3,356.818672
2.484773,5,357.351175
1.628242,4,357.785167
4.238566,7,358.503676
1.48359,4,359.021691
4.790796,9,360.020343
0.661148,2,360.244749
4.181294,8,361.053951
1.222036,3,361.384902
2.810305,6,362.018004
1.416305,3,362.351304
2.943779,5,362.870394
0.0,1,363.003613
0.444444,2,363.237378
6.207116,13,364.55723
2.942868,6,365.184326
1.56009,4,365.600861
1.309335,3,365.947827
2.686778,6,366.547923
2.1344,4,366.967388
1.1284,3,367.279787
0.713153,2,367.517388
0.888889,3,367.867306
5.891552,10,369.001871
1.464408,4,369.417083
1.64634,4,369.85055
2.099995,5,370.383655
2.01293,4,370.866875
0.955564,3,371.183582
1.47501,4,371.586794
2.29512,5,372.140342
2.411553,5,372.652321
2.051887,5,373.165091
2.997665,6,373.794742
5.110965,10,374.849929
1.611068,4,375.299594
0.0,1,375.419267
3.685979,7,376.170711
1.07449,3,376.535666
1.455906,3,376.922609
1.509995,4,377.366031
1.333333,4,377.85539
1.817724,4,378.349205
9.673104,17,380.291399
5.040912,9,381.332226
2.00759,4,381.765551
2.620731,6,382.381928
0.0,1,382.498793
0.444444,2,382.732035
0.0,1,382.867454
1.617919,4,383.298664
3.196094,7,384.031892
6.198008,10,385.025671
2.367193,5,385.548291
3.064602,6,386.165133
1.558139,4,386.567595
2.646553,6,387.168668
2.807406,6,387.781432
0.710207,2,387.997968
2.876104,6,388.614681
0.536235,2,388.818937
2.15013,5,389.335715
1.640476,4,389.766597
0.578237,2,389.981349
2.934463,6,390.597606
1.50469,4,391.014316
0.896946,3,391.317944
0.0,1,391.431042
6.728594,11,392.530795
2.706566,5,393.049171
2.904826,6,393.665991
1.333333,4,394.096779
0.888889,3,394.397112
0.929528,3,394.756345
3.606944,7,395.580271
0.444444,2,395.813769
4.069171,8,396.696788
7.963906,15,398.346153
4.940684,9,399.162076
4.317359,7,399.763001
3.496167,7,400.44818
0.0,1,400.579305
1.159188,3,400.886265
1.136346,3,401.215405
0.457621,2,401.416817
0.0,1,401.546196
1.053557,3,401.862852
1.492756,4,402.246117
1.379408,4,402.662508
1.333333,4,403.062766
2.371138,5,403.548356
1.948359,4,403.912569
3.313864,6,404.462494
2.059294,5,404.979115
0.709853,2,405.22907
1.725957,4,405.628988
3.187688,5,406.145644
2.77091,6,406.731452
0.0,1,406.851541
2.972016,6,407.461716
1.709283,4,407.86595
2.679218,6,408.445432
0.0,1,408.564946
0.648058,2,408.781028
0.743886,2,409.001903
0.888889,3,409.361783
0.71037,2,409.597027
1.169992,3,409.928463
2.225059,5,410.44531
0.0,1,410.544785
0.647586,2,410.728221
5.475513,10,411.611539
3.25556,6,412.14486
4.280753,9,412.927995
1.337577,4,413.280049
1.991876,5,413.746925
0.0,1,413.844628
2.235339,5,414.304405
4.659745,8,414.977716
0.460934,2,415.16102
11.562402,20,416.877579
0.624101,2,417.060776
3.227246,7,417.679703
4.72007,9,418.49689
1.903181,5,418.927245
1.993803,4,419.308872
2.654797,5,419.743803
4.042302,8,420.462385
1.6545,4,420.810285
0.888889,3,421.076941
0.888889,3,421.375831
0.0,1,421.476911
0.888889,3,421.743539
0.692517,2,421.93121
2.097121,5,422.378726
1.333333,4,422.726995
1.328768,3,422.995367
2.098131,4,423.35997
2.794233,6,423.89287
0.888889,3,424.202139
2.743736,6,424.765781
5.706948,10,425.676545
1.333333,4,426.04311
1.076979,3,426.343059
0.0,1,426.443079
2.232578,5,426.926825
3.718736,7,427.526129
2.064415,5,427.959438
0.638498,2,428.159462
0.0,1,428.259114
0.993897,3,428.528192
4.041679,8,429.257302
1.146943,3,429.525844
1.057114,3,429.795717
0.444444,2,429.992599
1.207236,3,430.260657
2.639115,5,430.692312
3.438709,7,431.342299
1.609785,4,431.69219
1.323863,3,431.981393
2.493966,5,432.425592
2.721517,6,432.958806
5.118521,9,433.741601
2.367056,5,434.180072
1.000834,3,434.458592
0.578416,2,434.641783
3.258892,6,435.166211
1.968317,5,435.658404
0.66614,2,435.841623
0.0,1,435.95805
2.841826,6,436.491568
4.834429,8,437.178735
0.983487,3,437.45825
0.0,1,437.574672
0.478428,2,437.758176
7.977003,15,439.05794
5.815145,11,439.98849
1.635478,4,440.357832
1.286869,3,440.62645
3.446001,7,441.224369
1.52175,4,441.593785
3.433218,7,442.193194
1.141155,3,442.478091
2.030401,5,442.907434
1.598796,4,443.257357
4.099115,8,443.990714
3.198322,6,444.507203
3.288575,6,445.040499
0.566797,2,445.207088
1.584489,4,445.587707
0.0,1,445.68764
3.778903,7,446.287719
0.0,1,446.38748
2.292139,5,446.825636
1.871587,4,447.190321
0.0,1,447.291077
5.365568,9,448.060574
0.618959,2,448.290881
2.262215,5,448.756715
0.668326,2,448.940016
6.13066,12,449.95645
1.244134,3,450.261907
3.585385,6,450.823099
1.407538,3,451.089809
1.089788,3,451.377845
1.981454,5,451.824945
0.0,1,451.921604
0.0,1,452.022951
0.888889,3,452.289879
1.550663,4,452.656128
3.930594,7,453.256085
4.401175,8,453.956047
6.939851,11,454.905892
5.131387,9,455.705721
0.444444,2,455.905424
2.248259,5,456.341164
4.245485,9,457.138974
0.945335,3,457.408085
5.454368,10,458.271731
0.577495,2,458.455525
0.444444,2,458.638714
0.72847,2,458.838771
0.888889,3,459.122006
1.116766,3,459.388973
3.357512,7,460.022159
1.42587,4,460.388628
0.0,1,460.503986
0.888889,3,460.755174
5.543187,10,461.638354
3.747056,9,462.43988
2.337308,5,462.875536
5.979529,11,463.821468
0.550939,2,464.021466
0.444444,2,464.190015
1.047857,3,464.471301
2.258405,5,464.906614
0.0,1,465.00451
0.60359,2,465.203234
9.355058,18,466.789724
0.444444,2,466.970929
5.102025,10,467.820801
2.163906,5,468.270841
4.714975,9,469.070865
0.643469,2,469.254075
0.444444,2,469.454006
0.0,1,469.553971
3.474625,7,470.170673
0.668594,2,470.370767
2.480117,5,470.835834
2.410711,5,471.289842
1.270545,3,471.57043
8.04608,14,472.870245
0.444444,2,473.055854
4.910205,9,473.872829
1.599773,4,474.253446
0.888889,3,474.519959
1.73498,4,474.886832
2.848792,6,475.420099
1.168353,3,475.688603
1.715222,4,476.052756
0.0,1,476.153302
5.318639,10,477.036315
3.24033,6,477.569587
0.0,1,477.669725
2.148436,4,478.023662
0.588766,2,478.219531
1.918951,4,478.602763
5.698404,12,479.639004
2.102792,5,480.06892
0.0,1,480.199586
0.888889,3,480.469393
2.84998,6,481.002446
3.206139,6,481.554794
1.870383,4,481.91917
5.534239,11,482.852458
1.333333,4,483.218828
5.880663,10,484.104354
1.893342,5,484.56887
0.0,1,484.667315
10.35112,15,485.944075
3.162764,6,486.468496
5.899095,9,487.251689
0.444444,2,487.451816
1.990463,5,487.88494
2.914914,7,488.484897
6.289928,12,489.551665
1.333333,4,489.901272
1.632677,4,490.267913
1.405338,3,490.551475
4.658835,9,491.347327
1.333333,4,491.727319
1.049796,3,492.020124
0.683066,2,492.200979
0.674239,2,492.401137
0.667324,2,492.60116
0.0,1,492.700979
1.220184,3,492.969581
1.185373,3,493.25296
0.488091,2,493.438084
3.283024,7,494.053844
0.0,1,494.152884
2.42193,5,494.617412
2.685715,6,495.143929
0.888889,3,495.452965
1.512728,4,495.820869
0.0,1,495.948767
9.501782,13,497.116964
8.230072,12,498.150299
1.333333,4,498.500141
3.172611,7,499.116846
0.0,1,499.216949
1.506506,4,499.583367
0.0,1,499.683344
5.474077,9,500.474694
0.444444,2,500.666329
3.084765,6,501.199548
3.050629,6,501.716525
5.29927,10,502.599675
7.616102,15,503.899502
0.444444,2,504.068331
1.825938,5,504.531371
1.862212,4,504.898056
8.556579,15,506.185861
5.621817,10,507.065842
0.762522,2,507.249729
1.102782,3,507.532446
2.651268,5,507.965643
2.136608,4,508.334502
2.663664,6,508.869855
2.14836,5,509.31557
2.472023,6,509.848691
5.024347,10,510.73215
3.837714,9,511.531922
3.69044,7,512.165116
3.151095,7,512.78381
8.562225,15,514.081556
3.408308,6,514.614817
1.087733,3,514.881382
0.581456,2,515.064754
3.563416,7,515.698192
1.618682,4,516.064719
1.839338,4,516.449812
9.807683,20,518.231201
6.608216,11,519.166112
1.573101,4,519.51425
7.429953,15,520.830662
0.896849,3,521.097369
0.532724,2,521.282684
4.927966,9,522.065789
0.452954,2,522.263757
0.636473,2,522.447104
11.681809,19,524.130246
4.912306,9,524.913429
1.151959,3,525.196724
1.831137,4,525.563348
1.011343,3,525.830013
1.973538,4,526.216699
1.103639,3,526.546611
0.672889,2,526.729892
1.333333,4,527.098754
1.333333,4,527.465166
0.0,1,527.576738
1.719411,4,527.929745
2.269038,5,528.39596
0.683031,2,528.581645
0.759241,2,528.779259
0.601488,2,528.965013
2.030449,4,529.328562
1.039778,3,529.597818
2.277281,5,530.062879
1.774687,4,530.434991
1.596817,4,530.809909
4.005218,7,531.512161
1.938874,4,531.931979
1.996008,5,532.461273
2.069407,5,532.945841
1.459462,4,533.296624
4.142659,8,533.98212
1.475389,3,534.26228
0.888889,3,534.530217
0.444444,2,534.734049
4.11765,8,535.445454
0.716761,2,535.628937
2.535506,6,536.145249
2.662487,6,536.678544
3.142794,6,537.211874
3.004564,6,537.728445
2.399563,5,538.180614
0.549671,2,538.361647
1.441066,4,538.711789
4.489729,9,539.502753
0.649686,2,539.694529
0.664893,2,539.878202
1.682754,4,540.26443
5.112711,10,541.128054
1.167646,3,541.411407
4.179194,8,542.111284
6.092942,10,542.977846
1.21536,3,543.296391
0.444444,2,543.496285
1.735816,4,543.862741
2.406743,5,544.32774
7.317389,13,545.444353
3.802832,7,546.060656
1.760014,4,546.429679
1.608308,4,546.8018
1.970722,5,547.243932
1.335066,4,547.60165
1.494725,4,547.977154
1.764388,4,548.348039
2.426262,5,548.796669
1.473647,4,549.143682
0.0,1,549.259256
2.177841,5,549.72653
1.904629,5,550.162285
0.444444,2,550.360152
1.333333,4,550.726759
0.567117,2,550.928762
5.395639,10,551.764405
3.919579,7,552.400192
2.934875,6,552.926646
8.802359,15,554.234456
3.247626,6,554.776309
1.780013,4,555.142891
1.391134,3,555.425779
1.378451,4,555.792809
0.888889,3,556.059409
1.421676,4,556.427077
1.046004,3,556.728268
3.730711,7,557.395203
2.699447,6,557.925785
3.236606,7,558.525737
0.888889,3,558.825813
0.444444,2,559.025829
1.998382,5,559.477559
3.893275,8,560.158824
9.831605,16,561.608789
0.444444,2,561.793324
2.003224,5,562.242031
0.0,1,562.341916
1.194342,3,562.610611
1.158426,3,562.888293
10.155755,17,564.358388
2.690575,5,564.808302
2.078954,4,565.187726
6.079569,11,566.141999
0.492716,2,566.357981
0.0,1,566.477675
2.974373,6,566.991437
0.986148,3,567.282481
2.298884,5,567.727774
1.333333,4,568.083536
10.199757,19,569.707607
1.042259,3,569.991063
0.444444,2,570.193013
0.637609,2,570.376108
0.631358,2,570.557454
10.243333,16,571.940642
8.405977,15,573.207197
5.346404,9,573.990545
2.854633,6,574.506961
3.040902,6,575.05585
1.038984,3,575.323664
3.344235,7,575.942793
3.007677,6,576.490268
0.664307,2,576.690121
1.389429,3,576.940003
2.210491,5,577.389981
3.673339,7,577.989874
7.158981,11,578.974951
2.01579,5,579.422656
1.112087,3,579.689793
0.0,1,579.78973
1.11477,3,580.086771
0.444444,2,580.28277
6.090597,12,581.305789
5.806956,11,582.255991
3.629536,7,582.889251
0.749335,2,583.072696
1.205294,3,583.356004
0.51641,2,583.538771
2.797733,5,583.972415
0.0,1,584.074416
0.0,1,584.189159
2.804154,6,584.722469
4.478944,9,585.50558
1.367064,4,585.874344
1.805084,4,586.238824
4.902083,9,587.072024
2.234158,5,587.5575
0.0,1,587.65528
3.466273,8,588.40752
0.93563,3,588.688521
2.038181,5,589.17195
2.431558,5,589.638546
1.372143,4,589.988294
0.723372,2,590.188518
2.305698,5,590.638214
5.632339,9,591.438183
0.554397,2,591.623569
1.54829,4,591.988081
1.042275,3,592.271363
1.552644,4,592.62125
1.688482,4,592.988042
3.011453,6,593.521182
0.538987,2,593.721371
1.04476,3,593.987868
2.15651,5,594.437847
1.508126,4,594.804274
0.594646,2,595.004291
0.665619,2,595.18762
1.333333,4,595.587666
1.412571,3,595.854406
6.985283,11,596.819555
0.694436,2,597.004091
1.44352,4,597.354034
2.384839,5,597.806293
3.786792,7,598.420546
0.0,1,598.520606
0.444444,2,598.703865
0.444444,2,598.887174
2.786945,6,599.420484
1.480739,4,599.787131
9.534839,15,601.103724
7.722444,14,602.289398
0.696197,2,602.486659
1.333333,4,602.83672
1.367961,4,603.186582
2.038743,5,603.619989
3.707418,8,604.336401
0.888889,3,604.619732
1.122635,3,604.90298
2.207892,4,605.273641
1.072917,3,605.55297
0.977371,3,605.836313
0.0,1,605.936304
1.75725,4,606.269742
2.097509,5,606.752827
1.192064,3,607.021684
1.177864,3,607.322748
3.428019,7,607.939834
0.0,1,608.038624
0.550055,2,608.219365
0.675647,2,608.414568
2.659168,6,609.008717
0.0,1,609.145779
2.09397,5,609.669261
2.601904,5,610.119019
2.40634,5,610.583846
6.403051,12,611.637153
1.324935,3,611.902159
0.604951,2,612.08427
3.697153,7,612.68569
1.898652,4,613.068672
1.415304,4,613.436965
1.623435,4,613.78529
0.444444,2,613.970689
0.0,1,614.085829
1.988738,4,614.437994
0.444444,2,614.620582
0.888889,3,614.897445
1.333333,4,615.268371
0.523534,2,615.468313
1.09382,3,615.75179
2.916445,6,616.268326
8.646717,14,617.566638
1.259542,3,617.849535
1.526486,4,618.20017
0.0,1,618.285107
0.570203,2,618.500928
1.462505,3,618.773602
0.444444,2,618.951238
7.352706,13,620.084377
0.0,1,620.201239
1.333333,4,620.584983
4.778536,10,621.439247
4.083742,8,622.136038
4.457204,9,622.937003
2.81387,6,623.469447
1.333333,4,623.833568
2.86236,6,624.369213
1.333333,4,624.753074
3.850009,7,625.370338
1.654627,4,625.719914
1.860453,4,626.102504
3.37981,6,626.638526
0.0,1,626.739493
4.005234,8,627.419297
0.623374,2,627.600075
1.352358,4,627.966801
0.667309,2,628.153524
0.973214,3,628.435571
0.888889,3,628.699893
4.527795,8,629.398807
3.747072,7,630.074548
7.548335,15,631.366302
0.888889,3,631.649714
1.330249,3,631.932958
3.573568,7,632.549485
0.661695,2,632.749436
2.311684,5,633.182686
2.911838,6,633.72192
1.131996,3,633.98253
0.0,1,634.082506
0.913133,3,634.367874
2.4659,6,634.948782
4.996851,10,635.815684
0.0,1,635.915666
1.305429,3,636.198924
0.712208,2,636.384639
0.888889,3,636.667897
6.728961,11,637.632126
0.888889,3,637.900935
2.213763,5,638.348695
0.0,1,638.448698
1.571556,4,638.815679
6.970273,12,639.86524
1.511326,3,640.164771
1.562707,4,640.531757
0.950756,3,640.815068
1.696472,4,641.183677
2.483111,5,641.648244
1.070741,3,641.931652
4.54266,9,642.714924
0.888889,3,643.000035
2.125146,5,643.464703
1.477662,4,643.84764
1.925698,4,644.197962
1.426825,4,644.564716
1.234829,3,644.850258
1.984201,4,645.218491
2.666745,5,645.683071
1.125179,3,645.967953
5.186474,10,646.833145
1.601947,4,647.197478
1.591954,4,647.599091
1.470079,3,647.914181
1.333333,4,648.297611
0.693249,2,648.480787
3.437632,6,649.066209
2.273835,5,649.530539
2.81442,6,650.097238
2.670014,6,650.630526
1.526533,4,650.997708
1.333333,4,651.363594
3.717755,7,651.980261
2.18872,5,652.430196
1.421686,4,652.799129
1.391159,4,653.16351
0.0,1,653.271288
0.888889,3,653.530121
1.8908,4,653.896743
1.065672,3,654.180021
3.300895,7,654.82953
0.711994,2,654.996496
1.333333,4,655.382004
0.599034,2,655.581739
0.888889,3,655.879771
10.846186,19,657.529601
0.444444,2,657.712927
2.277843,5,658.162748
1.444601,3,658.461834
1.333333,4,658.829344
1.116181,3,659.102203
8.270733,14,660.308011
0.692168,2,660.515152
0.731594,2,660.710891
1.958107,4,661.065523
12.587591,19,662.845649
1.576817,4,663.230522
3.802459,8,663.968748
4.279437,8,664.821781
0.0,1,664.954597
3.10226,6,665.645379
7.585368,15,667.111583
4.24936,8,667.870604
6.627457,11,668.828101
4.08829,8,669.549002
2.015427,4,669.927953
7.909601,13,671.061164
0.757916,2,671.24509
0.0,1,671.344225
1.818813,4,671.727837
1.646809,4,672.096612
0.471515,2,672.277633
1.351663,3,672.577769
3.077509,7,673.194201
1.5491,4,673.577494
4.3126,8,674.410822
1.449727,4,674.794152
1.392513,3,675.077245
0.888889,3,675.343945
0.0,1,675.445176
2.963765,6,676.010556
0.0,1,676.110442
3.579599,8,676.810451
0.453809,2,677.008973
2.104553,5,677.460318
0.0,1,677.562408
1.046095,3,677.861949
0.444444,2,678.069695
0.67409,2,678.27699
2.463434,5,678.743522
1.356016,4,679.107294
0.62818,2,679.376335
1.667816,4,679.761716
4.452084,7,680.376615
0.0,1,680.476588
1.776315,4,680.845771
2.109389,5,681.306012
3.161131,7,681.902216
4.897458,9,682.692923
1.078096,3,682.992177
2.987099,6,683.509515
0.965931,3,683.774802
0.0,1,683.859403
0.0,1,683.974918
1.514818,4,684.344665
0.444444,2,684.526014
0.0,1,684.641378
5.71085,10,685.511519
2.110064,5,685.942517
1.452408,4,686.292894
1.404924,3,686.593053
1.007815,3,686.894809
3.044205,7,687.528943
0.57341,2,687.708965
0.546652,2,687.892238
0.754235,2,688.082533
1.033599,3,688.357953
0.902349,3,688.608881
1.869685,4,688.996245
1.333333,4,689.358745
1.904417,5,689.808635
1.585461,4,690.183313
0.888889,3,690.458752
1.579627,4,690.810286
0.0,1,690.925081
1.736689,4,691.290067
0.966633,3,691.558448
0.590825,2,691.741802
0.0,1,691.857606
0.444444,2,692.041847
2.826411,6,692.578067
2.082465,4,692.940381
3.797285,8,693.658165
1.333333,4,694.024828
0.888889,3,694.291908
0.444444,2,694.491521
2.179058,5,694.960605
0.0,1,695.060144
0.0,1,695.168295
0.888889,3,695.457996
0.66757,2,695.657972
1.508515,4,696.010165
2.31269,5,696.443348
1.61924,4,696.826966
1.646081,4,697.189365
0.0,1,697.291245
1.010113,3,697.58333
1.397629,3,697.841015
0.62092,2,698.043469
0.0,1,698.144585
2.07371,5,698.607637
0.444444,2,698.790901
1.796516,5,699.240847
1.677639,4,699.607419
2.91911,6,700.185091
0.0,1,700.291228
0.444444,2,700.490788
0.888889,3,700.774872
2.116361,5,701.207201
0.444444,2,701.407235
4.235984,8,702.157124
0.596025,2,702.340415
0.664289,2,702.539097
3.543013,7,703.142752
1.447417,4,703.506827
0.972104,3,703.791863
2.512368,6,704.356752
3.631233,7,704.979448
0.986797,3,705.256714
4.036854,8,705.980167
3.780215,6,706.523246
1.809743,4,706.875144
7.802697,13,707.989669
0.888889,3,708.323066
4.55031,8,709.039549
2.88363,6,709.571461
0.0,1,709.672506
2.004205,4,710.044136
2.245739,5,710.491751
1.44752,4,710.855902
3.986218,7,711.505989
4.535213,9,712.272491
3.12666,7,712.908005
1.348441,4,713.272358
5.811852,11,714.240785
3.607745,7,714.888835
3.49582,7,715.507511
1.908015,4,715.873313
2.573037,5,716.338846
2.210884,5,716.788618
0.0,1,716.890948
2.292707,5,717.371891
2.533879,5,717.821651
0.444444,2,718.005133
2.286262,5,718.471775
5.574135,10,719.370376
9.690918,15,720.671379
2.27784,5,721.121329
1.225781,3,721.406785
0.702623,2,721.604627
5.484657,10,722.490096
9.98957,16,723.8731
0.762718,2,724.054326
3.137202,7,724.654225
8.401829,13,725.808084
0.6227,2,726.024898
10.290481,17,727.487088
1.824761,4,727.854172
2.004401,5,728.337066
3.567939,7,728.936939
0.655902,2,729.122384
0.957502,3,729.387009
0.0,1,729.492605
0.729896,2,729.672682
1.640106,4,730.055743
2.333597,5,730.520073
0.0,1,730.645668
0.0,1,730.753408
5.726746,12,731.786529
0.566553,2,731.986179
7.306732,13,733.136497
1.333333,4,733.502928
0.945874,3,733.785936
0.624962,2,733.969556
5.851426,13,735.118316
0.490324,2,735.304503
0.0,1,735.405133
3.644003,7,736.002654
4.07899,8,736.719369
2.535836,5,737.185867
7.079249,13,738.291442
3.525218,7,738.953008
2.127035,5,739.448392
2.016426,5,739.885538
3.951402,7,740.520904
3.273378,6,741.068738
2.941869,7,741.685259
1.241433,3,741.968617
1.196361,3,742.244035
1.568837,4,742.601769
6.154744,12,743.657233
3.010415,6,744.201872
1.628423,4,744.547817
2.133214,5,744.987373
0.888889,3,745.270445
3.719936,7,745.884703
2.011002,5,746.34953
2.383478,5,746.840512
0.0,1,746.957047
3.540944,7,747.599946
0.974269,3,747.867937
1.522396,3,748.140351
0.888889,3,748.4177
4.650187,8,749.117627
3.139301,6,749.650896
3.79948,7,750.269538
0.888889,3,750.550905
0.0,1,750.651083
1.572378,4,751.000995
1.713282,4,751.367382
3.50132,6,751.919404
0.975777,3,752.217238
0.888889,3,752.499184
4.273672,9,753.250474
0.0,1,753.383618
1.878739,4,753.765559
2.553078,6,754.300305
0.444444,2,754.483543
0.0,1,754.598364
0.5636,2,754.76689
2.13651,5,755.219395
1.333333,4,755.600177
3.027484,7,756.216757
2.337741,5,756.683274
4.057353,9,757.445095
1.735837,4,757.783124
2.522854,6,758.349803
2.873727,6,758.883031
0.626807,2,759.066328
1.588208,4,759.424267
1.769389,4,759.785344
1.420742,4,760.132951
5.574048,9,760.949453
2.748269,6,761.468523
1.258426,3,761.749268
3.968558,8,762.448889
1.567065,4,762.8159
0.0,1,762.915819
1.638944,4,763.285629
1.810394,4,763.665829
3.895351,9,764.448941
2.254719,5,764.915562
0.444444,2,765.148921
2.92769,6,765.698893
3.529177,6,766.247356
1.276085,3,766.517417
5.707266,11,767.515384
1.816584,4,767.865178
0.0,1,767.965257
5.382587,10,768.876321
2.173267,5,769.352595
2.865603,6,769.881804
0.888889,3,770.1483
0.497112,2,770.350762
2.140037,5,770.814755
3.275513,7,771.431476
3.00496,6,772.014673
0.473679,2,772.214598
0.444444,2,772.41484
6.323415,12,773.464505
2.631434,5,773.914416
2.139412,5,774.366675
3.850478,8,775.081141
2.39641,5,775.530515
2.644384,5,775.982851
0.713922,2,776.164066
2.645258,6,776.714706
3.504868,6,777.246914
2.547462,6,777.782871
2.107122,5,778.23056
2.716961,6,778.780404
0.948492,3,779.06599
4.782677,9,779.863725
0.599597,2,780.046929
1.843832,4,780.413633
1.586742,4,780.796843
3.188865,7,781.446782
5.773331,11,782.430041
0.98,3,782.761877
1.022733,3,783.032301
1.409578,4,783.396501
2.477761,6,783.946512
6.318182,11,784.929684
0.0,1,785.046489
0.930971,3,785.313215
1.388771,3,785.579505
0.0,1,785.695293
3.991731,8,786.411
5.656819,10,787.279257
0.0,1,787.398202
0.888889,3,787.681584
4.735149,8,788.387715
1.148667,3,788.680645
1.750389,4,789.045772
2.431061,5,789.531635
3.57583,7,790.148089
5.114451,10,791.027403
2.649698,6,791.545527
6.996744,13,792.645367
0.0,1,792.745274
3.131371,7,793.377395
0.888889,3,793.647392
0.0,1,793.756292
0.621079,2,793.928479
3.707069,8,794.63083
1.447844,4,795.009003
0.456588,2,795.21171
0.888889,3,795.504848
1.706831,4,795.861568
3.36599,7,796.463212
1.937008,4,796.828064
4.263405,8,797.560016
1.335939,3,797.861454
0.444444,2,798.061253
0.739906,2,798.261269
2.020096,5,798.711547
0.0,1,798.811337
0.444444,2,799.011206
1.335378,3,799.344442
1.333333,4,799.730021
3.962848,8,800.444354
4.91221,9,801.244235
0.0,1,801.357883
2.208458,5,801.82756
0.0,1,801.927481
0.890581,3,802.197112
1.485913,4,802.577548
4.111278,8,803.26059
1.514042,4,803.64396
8.742115,15,804.945733
1.481759,4,805.326944
0.974988,3,805.61042
2.579839,6,806.160307
0.669218,2,806.360367
1.602552,4,806.726831
0.472448,2,806.929152
1.291462,3,807.202604
1.947506,5,807.645389
1.023957,3,807.926721
3.073424,6,808.443218
0.0,1,808.543203
2.475947,5,809.001004
0.0,1,809.126331
4.274674,9,809.912898
0.668126,2,810.108585
1.34828,3,810.395365
1.390101,3,810.693022
0.0,1,810.79555
7.198968,12,811.826176
3.612633,8,812.542821
1.589421,4,812.927423
0.0,1,813.025978
1.333333,4,813.381617
0.444444,2,813.559277
1.333333,4,814.011307
0.444444,2,814.210996
0.888889,3,814.507788
6.159616,12,815.558066
1.725531,4,815.925281
0.888889,3,816.207494
0.610813,2,816.394729
0.0,1,816.49056
1.333333,4,816.890683
1.93445,4,817.22505
2.021047,5,817.692385
4.967556,9,818.484265
2.070086,4,818.883253
4.261809,9,819.689459
2.931528,5,820.125074
2.257757,5,820.585906
1.334275,4,820.94644
2.938695,6,821.508282
0.54558,2,821.69157
7.543387,14,822.908191
5.571825,10,823.791303
0.633205,2,823.993412
0.0,1,824.091371
4.715539,8,824.788657
2.000093,5,825.257951
0.0,1,825.358002
2.713421,6,825.92302
2.158127,5,826.357642
3.080735,6,826.890887
1.078406,3,827.160658
1.556185,4,827.524141
7.771601,13,828.640579
4.969078,9,829.490604
0.960728,3,829.793699
3.529312,7,830.407049
4.00105,8,831.106993
3.303431,6,831.656899
1.825591,5,832.144254
2.475606,5,832.623393
3.349472,7,833.240003
2.783624,6,833.78437
1.91421,4,834.156656
5.527392,11,835.123086
1.225309,3,835.406435
1.664294,4,835.773067
2.306282,5,836.239826
0.0,1,836.339727
1.302227,3,836.625262
0.642403,2,836.826602
1.885205,4,837.188167
1.525475,4,837.539664
3.054387,7,838.139433
2.964227,6,838.708027
8.364782,16,840.07257
4.623134,8,840.789118
6.617559,11,841.739094
3.613315,7,842.372219
0.444444,2,842.562937
0.984805,3,842.838807
4.025924,7,843.474374
1.141433,3,843.757491
2.17092,5,844.207586
2.845894,6,844.740993
0.0,1,844.838679
5.501892,10,845.722001
2.930324,6,846.240638
0.512611,2,846.421654
1.48836,3,846.705016
4.605707,8,847.43832
1.985158,4,847.804848
2.947274,7,848.421453
6.041554,9,849.190274
1.485173,3,849.504602
0.444444,2,849.726019
4.955782,9,850.671227
2.38514,5,851.137774
4.419258,9,851.956823
3.215925,7,852.570896
0.0,1,852.670853
2.724389,6,853.20414
0.901031,3,853.497434
3.259627,7,854.137329
1.306568,3,854.404008
6.333897,9,855.202538
0.689297,2,855.391658
2.181693,5,855.870572
1.552787,4,856.250136
6.028409,11,857.189102
4.259287,8,857.90351
1.252829,3,858.186887
0.0,1,858.287175
1.371691,4,858.653443
2.426565,5,859.105612
1.041762,3,859.37885
1.810475,4,859.803305
1.092231,3,860.120098
2.727004,5,860.60324
2.634665,6,861.169745
0.0,1,861.272077
6.27812,11,862.21967
0.0,1,862.345109
0.0,1,862.452173
4.601603,8,863.141176
1.242739,3,863.402833
0.0,1,863.512398
1.417656,4,863.871648
7.461758,14,865.085849
5.249905,11,866.041946
0.0,1,866.153727
1.163774,3,866.443107
1.607133,4,866.802453
1.705254,4,867.187037
0.0,1,867.316839
2.255309,5,867.768897
4.19607,8,868.470902
0.64134,2,868.668172
2.018498,4,869.042325
0.444444,2,869.220997
1.072567,3,869.487626
3.535178,8,870.201903
7.546378,12,871.283736
2.186293,5,871.701817
1.079504,3,871.983651
2.252318,5,872.440817
8.839949,15,873.766673
1.249185,3,874.020328
0.71919,2,874.201437
0.476741,2,874.384725
0.616271,2,874.586761
0.444444,2,874.767966
1.725904,4,875.153814
1.333333,4,875.517897
1.828266,4,875.901154
0.0,1,876.019478
3.846441,7,876.617746
3.012128,6,877.150387
4.805603,10,878.053217
2.503877,5,878.500916
2.262227,5,878.950851
0.584266,2,879.142949
0.552256,2,879.33903
1.705547,4,879.717423
3.300902,6,880.250601
1.323159,3,880.545825
0.535864,2,880.743794
0.888889,3,881.019419
1.98908,5,881.467095
0.444444,2,881.683685
3.304807,7,882.352426
4.746345,8,883.050404
4.856405,9,883.836418
1.394571,3,884.102522
2.394642,5,884.583448
1.508411,4,884.946209
10.13975,16,886.328492
1.333333,4,886.683052
0.0,1,886.800434
1.102678,3,887.066404
1.912975,4,887.433731
1.070516,3,887.701812
4.161089,8,888.432937
1.545718,4,888.800096
0.444444,2,888.983079
5.590729,10,889.8829
2.045955,4,890.306214
1.538058,4,890.697852
8.561917,14,891.915874
3.6357,7,892.551318
2.441007,6,893.115621
0.444444,2,893.301305
0.444444,2,893.499002
0.0,1,893.598956
1.653069,4,893.965625
7.563693,15,895.282318
2.020562,5,895.7154
2.128066,5,896.16526
1.962363,5,896.631833
0.444444,2,896.831855
0.0,1,896.934322
3.617155,7,897.548394
0.0,1,897.664808
3.208837,6,898.217222
1.170802,3,898.498206
3.2476,7,899.197178
3.679122,7,899.848167
2.969973,6,900.398141
1.333333,4,900.766301
2.257868,5,901.216665
2.943627,6,901.747807
3.787456,7,902.381127
1.43256,4,902.747723
0.888889,3,903.031019
3.731888,7,903.714241
1.542653,4,904.066437
1.605484,4,904.447418
0.634292,2,904.630759
0.0,1,904.747191
1.464114,4,905.112989
1.541511,3,905.39237
2.808053,5,905.866101
1.333333,4,906.247513
5.398928,11,907.213756
0.598963,2,907.397039
3.420319,7,908.045784
4.007926,7,908.897168
1.039614,3,909.21364
3.641767,7,909.930104
0.444444,2,910.146789
1.50261,4,910.530125
0.0,1,910.629974
0.0,1,910.730071
0.888889,3,911.009529
1.78947,4,911.379825
4.247569,8,912.07981
0.444444,2,912.279882
1.758038,4,912.662998
3.347322,6,913.214394
4.261817,8,913.912884
2.365225,5,914.362799
1.333333,4,914.729434
2.702244,6,915.279393
1.104917,3,915.612773
1.357647,4,916.007922
4.661735,9,916.806711
1.025445,3,917.079167
2.382487,5,917.529389
0.697078,2,917.712544
3.766803,7,918.329071
5.467674,10,919.244564
2.240945,5,919.698293
4.398574,8,920.445448
0.0,1,920.545339
0.63449,2,920.762042
0.0,1,920.862096
1.023753,3,921.145355
0.663708,2,921.345528
1.180167,3,921.632726
0.0,1,921.730772
1.333333,4,922.098055
1.413939,4,922.461837
0.0,1,922.58708
4.825367,8,923.311869
2.252717,5,923.761605
0.641976,2,923.961649
5.081576,9,924.744834
0.444444,2,924.942901
2.751502,6,925.496597
3.305054,7,926.111444
1.393924,3,926.39968
2.207158,5,926.84709
5.214419,10,927.744395
2.325011,5,928.204247
2.020367,4,928.577819
8.221898,17,930.060833
1.2338,3,930.347146
9.393242,15,931.66054
1.540692,4,932.048463
1.77489,4,932.427275
1.335033,4,932.798291
0.0,1,932.896821
0.0,1,933.002869
5.445002,11,934.384944
1.26564,3,934.8269
3.70043,7,935.865622
0.0,1,936.046192
0.444444,2,936.343402
2.543059,6,937.193197
3.487304,6,938.154672
0.888889,3,938.629331
1.153405,3,939.088326
4.138952,8,940.309095
3.503438,7,941.309358
3.297,7,942.363394
2.221821,5,943.125785
3.592195,6,944.007508
0.0,1,944.161575
0.444444,2,944.489418
5.345361,11,946.081583
1.139517,3,946.527597
1.346212,4,947.141538
0.0,1,947.326737
3.743218,8,948.478158
2.069514,5,949.191721
0.595414,2,949.491688
1.731973,4,950.109777
1.333333,4,950.827437
2.537052,5,951.558048
5.367672,11,953.128096
2.333994,5,953.985081
1.463619,4,954.55944
1.897741,4,955.124222
0.0,1,955.310083
1.300669,3,955.786189
5.921649,10,957.244286
3.301445,7,958.270489
8.291587,12,959.990283
6.046888,11,961.540115
1.738981,4,962.126938
3.318417,7,963.174658
0.0,1,963.342723
2.316211,5,964.106475
0.0,1,964.27457
4.430364,8,965.472929
7.173726,13,967.355948
1.046414,3,967.858388
5.106399,10,969.339177
7.857538,14,971.338943
8.538208,15,973.457515
8.800075,17,975.921663
11.52927,17,978.354541
2.077895,4,978.940378
7.541976,12,980.776519
3.367415,6,981.772394
2.304645,5,982.565849
9.852019,15,984.719289
18.224838,38,990.105898
0.45223,2,990.419575
6.470239,11,992.048959
10.228266,17,994.519249
8.463824,15,996.703806
12.900079,18,999.477127
7.492666,14,1001.468272
47.656005,87,1014.033292
13.699597,20,1016.927837
8.124538,14,1018.99938
7.598287,12,1020.73519
17.366097,30,1025.132428
10.644699,15,1027.250904
19.995982,29,1031.633609
17.259391,29,1035.965831
2.43442,6,1036.884327
8.228831,13,1038.817389
14.25669,22,1042.365087
15.445079,24,1045.920425
5.388584,9,1047.27903
17.450175,23,1050.61189
38.558793,72,1061.002687
5.842805,10,1062.425189
18.933359,27,1066.309884
7.980686,14,1068.32636
36.098483,57,1076.727694
19.230004,25,1080.375698
7.67709,14,1082.407819
14.736786,22,1085.580862
17.197227,27,1089.513139
17.176565,29,1093.67345
126.268444,242,1131.103234
20.645485,33,1136.067405
14.9959,28,1140.135481
13.64574,20,1143.083139
8.304671,13,1145.017541
16.408979,26,1148.873157
50.729145,70,1159.316954
25.607068,43,1165.750031
10.201634,16,1168.079901
19.00094,30,1172.448634
8.134544,12,1174.275592
0.0,1,1174.430939
17.521042,30,1178.802985
15.623922,23,1182.161325
13.601092,20,1185.13027
29.078012,43,1191.160213
18.362197,30,1195.626356
37.101757,56,1203.729999
24.419106,45,1210.437451
21.159401,31,1214.893023
29.165195,43,1221.263288
29.969157,51,1228.756523
59.54764,106,1244.16951
17.622286,30,1248.48606
9.100064,16,1250.851961
8.142316,12,1252.652208
10.504492,17,1255.335027
7.105767,10,1256.868227
109.980967,243,1294.220769
11.441102,17,1296.791415
9.816339,14,1299.216862
8.597797,14,1301.449951
133.001524,289,1344.525412
9.899044,18,1347.362659
15.146006,29,1351.755981
23.923717,43,1358.211973
107.806708,235,1393.793868
16.490643,25,1397.720622
9.418034,15,1400.018865
8.211026,12,1401.832865
14.947341,25,1405.697452
15.961941,25,1409.568907
61.469814,134,1429.433782
81.773291,181,1456.179596
53.252643,111,1472.910525
6.851009,11,1474.600314
8.219566,16,1477.008655
16.46424,34,1482.096097
157.596597,300,1526.420203
153.825893,300,1571.444056
24.666463,52,1579.365368
6.954494,15,1581.662842
125.647859,245,1618.774198
152.467464,300,1663.283896
151.621998,300,1708.962983
145.79188,300,1753.654251
147.182508,300,1800.047544
24.247442,54,1808.26698
8.138454,17,1810.802901
148.591891,300,1856.423541
144.397082,300,1900.904957
143.127131,300,1946.302975
118.686187,258,1984.834305
118.935274,240,2020.520595
13.352083,30,2024.937646
8.318187,18,2027.673409
32.43686,70,2037.999841
142.365787,300,2082.84392
148.331382,300,2127.800232
144.017064,300,2172.673617
141.292791,292,2216.209944
124.972038,264,2256.02611
148.844356,300,2300.932191
121.045338,255,2338.747899
9.276369,19,2341.633814
144.394638,300,2387.425447
20.528553,43,2393.72456
7.380037,15,2395.96333
149.89894,300,2441.785583
146.956568,300,2486.124629
149.343581,300,2531.351983
10.577018,23,2534.886989
149.778271,300,2580.803498
63.57699,128,2599.90451
148.709439,300,2644.99104
149.817136,300,2689.345468
1.993185,5,2690.086188
144.491468,300,2733.146289
151.4459,300,2778.554381
150.432235,300,2821.964105
148.951253,300,2863.811168
150.32687,300,2906.988342
70.594839,147,2928.500112
149.559815,300,2971.441822
151.285854,300,3014.530885
146.875342,300,3059.63447
150.16333,300,3104.090774
5.723673,13,3106.049703
65.687421,141,3127.148382
149.300568,300,3171.985051
151.396497,300,3217.347587
148.470228,300,3265.630763
147.880273,300,3311.836149
39.437648,79,3324.077149
18.439714,36,3329.507606
145.236174,300,3375.008497
144.850149,300,3420.802474
123.010172,251,3459.152749
148.554523,300,3504.18166
154.99371,300,3552.400437
32.909765,70,3567.683327
115.441551,235,3612.520796
146.191552,300,3670.887166
143.273601,300,3729.346057
154.652197,300,3788.059305
151.365305,300,3846.036897
146.316742,300,3904.042887
148.573207,300,3962.953384
52.56347,113,3984.713151
146.160422,300,4042.89393
109.438731,220,4085.649201
145.250083,300,4143.686811
66.46379,140,4171.649919
151.114304,300,4230.479427
152.771753,300,4290.372635
150.71088,300,4349.157303
147.446619,300,4408.729559
146.397438,300,4467.611235
51.17961,107,4488.247746
110.197906,228,4532.758642
158.032423,300,4592.323986
31.96522,71,4606.401697
26.33732,58,4617.701935
20.992442,47,4626.952951
37.781933,85,4643.765706
55.797046,126,4668.370003
41.443632,93,4686.502129
19.366025,44,4695.232357
31.165332,70,4709.041034
31.510991,70,4722.820142
38.811897,87,4739.69019
31.870081,72,4753.79628
25.037491,57,4765.097774
85.411069,178,4800.37982
31.505894,71,4814.256593
23.699871,54,4824.826223
20.833817,47,4834.312196
19.599147,45,4843.39506
19.293082,44,4852.56955
23.255348,53,4864.276934
18.337408,42,4873.731825
18.799353,43,4884.383727
18.98455,43,4907.152205
21.277985,48,4931.059262
19.33235,44,4948.286112
20.236281,45,4966.871576
18.364081,42,4976.355593
21.870019,50,4989.345678
18.548504,42,4999.149575
22.281883,50,5008.939533
17.993264,41,5017.284086
16.919041,39,5025.040986
18.222222,42,5033.415951
20.988388,48,5043.387064
18.241885,42,5051.763618
21.527092,49,5061.82389
18.94336,43,5070.673489
22.666667,52,5081.05033
20.055775,46,5090.327761
58.173205,128,5115.329206
19.77295,45,5124.384067
21.890723,50,5134.306471
28.570892,65,5147.221547
26.339745,60,5159.134178
22.08969,50,5169.074848
40.043077,88,5186.194806
29.842148,68,5199.578014
26.331363,60,5211.566842
24.0,55,5222.663912
22.987091,52,5232.906767
23.746886,54,5243.664427
27.600958,63,5256.134686
24.177287,55,5267.10904
29.500811,67,5280.814723
32.74561,74,5295.472724
34.490904,78,5311.151412
33.858599,76,5326.771407
39.573761,90,5344.988756
37.365868,85,5362.141896
165.548735,300,5422.535508
164.628807,300,5483.780664
152.944751,300,5544.535037
142.686104,300,5605.165547
139.974266,300,5664.546551
143.455443,300,5724.149319
140.378203,300,5784.380707
139.985547,300,5843.962416
140.686001,300,5903.503037
145.348352,300,5962.615703
88.41065,186,5999.517465
139.838894,300,6058.550561
142.185467,300,6117.607393
142.741313,300,6176.337612
139.350472,300,6233.10296
140.583073,300,6292.123048
139.249697,300,6351.093323
144.738168,300,6411.401
136.489623,300,6472.343419
138.000875,300,6530.011602
139.789123,300,6584.184852
140.997228,300,6639.027626
140.567514,300,6694.080976
141.344497,300,6750.067446
137.992428,300,6805.487837
142.301431,300,6860.926614
139.599072,300,6916.58728
139.014368,300,6971.661088
146.36846,300,7028.428117
134.542529,300,7085.184263
140.287181,300,7141.152082
136.521039,300,7200.009111
144.222599,300,7257.997548
136.125669,300,7316.618333
137.544281,300,7375.202649
139.315609,300,7433.578841
138.628097,300,7487.477815
140.128409,300,7540.285838
134.780988,300,7593.233414
136.811703,300,7647.074412
142.156879,300,7701.628854
138.817014,300,7756.861133
140.948575,300,7812.206115
140.650656,300,7868.209133
145.04854,300,7924.932766
138.118608,300,7982.167836
141.583649,300,8039.370288
141.150973,300,8097.816445
143.057166,300,8156.318185
141.750411,300,8214.091346
141.15199,300,8272.203238
143.691984,300,8330.221946
146.039816,300,8388.870098
87.898455,190,8426.054863
142.252419,300,8485.317584
11.25959,25,8490.205063
154.903109,300,8548.444805
146.965185,300,8606.027086
133.966661,288,8660.722296
139.81877,300,8717.482068
144.347741,300,8775.061548
146.725923,300,8832.678611
148.188333,300,8890.863758
149.090777,300,8949.676619
145.579095,300,9007.516912
142.780534,290,9062.187366
147.830502,300,9120.637743
152.973945,300,9179.301955
42.774208,89,9196.716225
143.668578,300,9256.592214
151.662558,300,9315.730423
142.338342,300,9374.590107
146.112189,300,9433.821619
146.426664,300,9494.515217
141.291365,300,9554.827379
142.306131,300,9616.554337
151.807539,300,9676.718179
148.394185,300,9736.223254
145.747938,300,9795.271369
148.637434,300,9849.154984
141.162698,300,9902.325464
146.789535,300,9954.511536
170.240449,300,10006.577238
148.797591,300,10058.744553
3.167289,6,10059.823432
153.200316,300,10110.64161
154.82504,300,10162.200593
146.695227,300,10214.612016
6.506006,14,10217.03577
141.452665,300,10269.968408
117.133891,253,10314.2833
144.860927,300,10369.841557
144.733678,300,10423.727519
153.128405,300,10477.97452
148.110108,300,10534.618447
150.461609,300,10589.854508
14.701751,32,10595.575407
143.532796,300,10650.089173
151.513946,300,10705.319777
148.315513,300,10758.119591
144.775901,300,10812.067515
92.940851,190,10845.81459
43.90059,99,10863.50428
101.662721,221,10902.69602
152.429457,300,10957.463409
144.360032,300,11014.250726
98.769547,208,11053.743173
147.948187,300,11110.564841
148.458567,300,11166.777279
152.267635,300,11223.449262
150.77891,300,11280.46487
152.476239,300,11338.047776
154.339452,300,11394.924241
156.006044,300,11453.462515
151.575929,300,11512.712315
158.534733,300,11570.356781
3.796174,9,11572.175883
146.239381,300,11630.086873
150.675118,300,11688.541648
148.133524,300,11746.110851
20.486029,45,11754.838249
147.373757,300,11814.107955
151.322427,300,11874.358186
149.830728,300,11933.797134
151.649751,300,11992.933111
150.635105,300,12050.704137
158.890467,300,12109.911703
119.241255,243,12157.360133
149.56118,300,12215.363153
148.47697,300,12273.841355
154.003685,300,12333.148042
150.530456,300,12392.376742
158.978171,300,12451.57623
156.221124,300,12509.938122
156.337297,300,12568.734657
152.024886,300,12628.639311
155.839474,300,12687.765205
164.070897,300,12746.695738
154.182488,300,12804.764859
150.567377,300,12864.060501
156.812763,300,12917.145262
144.124249,300,12970.449415
150.182348,300,13023.575821
149.749765,300,13076.802925
151.824851,300,13131.593736
156.951147,300,13186.413889
153.929419,300,13251.176482
156.348478,300,13313.236679
147.388295,300,13375.353999
123.571032,228,13418.799867
155.235126,300,13478.391884
143.629052,300,13537.910187
156.537854,300,13595.575788
152.93771,300,13650.963982
150.577039,300,13708.972984
159.31385,300,13770.790697
151.162015,300,13834.710742
152.507275,300,13896.993929
157.704332,300,13957.288953
142.395451,300,14013.270148
151.673421,300,14066.697984
155.825612,300,14120.685951
152.530037,300,14172.670359
162.686222,300,14215.12549
155.471606,300,14252.937213
154.458501,300,14292.132328
159.435145,300,14330.26221
145.831517,300,14368.522632
154.658576,300,14407.384395
165.028544,300,14446.806621
164.506015,300,14485.711489
157.492169,300,14524.502798
173.942606,300,14564.047847
148.758315,300,14602.959571
171.81771,300,14642.337954
160.266901,300,14681.851853
164.194734,300,14720.713038
173.708707,300,14760.906167
164.323709,300,14801.399933
163.998434,300,14842.249328
159.277381,300,14882.624017
158.981575,300,14923.150971
172.091313,300,14962.949183
158.600054,300,15004.012744
169.84148,300,15043.85341
165.12805,300,15085.233316
177.58393,300,15125.846782
48.750319,110,15140.641128
168.271035,300,15181.158442
165.073583,300,15222.130823
50.703981,104,15236.456958
166.199801,300,15277.840437
172.153162,300,15318.985121
165.051311,300,15359.946584
66.184266,122,15376.778113
168.468781,300,15418.522574
171.169106,300,15460.035367
167.585556,300,15501.963693
150.522261,300,15544.439668
168.827459,300,15586.984136
164.508229,300,15629.744147
166.548035,300,15673.106585
46.403974,105,15688.272505
171.359369,300,15731.537064
185.883839,300,15775.226872
176.234011,300,15818.774366
171.163907,300,15861.790395
166.815979,300,15904.859922
162.934989,300,15947.688255
174.536167,300,15990.811132
165.494366,300,16033.577293
6.594404,15,16035.79768
32.968801,74,16046.675449
162.917242,300,16090.830088
160.743856,300,16134.73083
175.65076,300,16177.699164
168.678299,300,16221.313055
178.339975,300,16264.831
185.166512,300,16308.49194
171.389025,300,16352.221205
176.232444,300,16395.900101
168.690083,300,16439.175545
169.677395,300,16482.269861
134.979699,272,16521.735431
184.914759,300,16564.475909
